userId,movieId,rating,timestamp
1,1371,2.5,1260759135
1,2193,2.0,1260759198
1,2105,4.0,1260759139
1,2294,2.0,1260759108
1,1405,1.0,1260759203
2,185,3.0,835355511
2,616,3.0,835355932
2,168,3.0,835355710
2,661,4.0,835356141
2,539,3.0,835355767
2,364,3.0,835355604
2,165,3.0,835355441
2,161,3.0,835355493
2,153,4.0,835355441
2,527,4.0,835355731
2,377,3.0,835355710
2,150,5.0,835355395
2,144,3.0,835356016
2,509,4.0,835355719
2,405,2.0,835356246
2,508,4.0,835355860
2,339,3.0,835355492
2,550,3.0,835356109
2,222,5.0,835355840
2,223,1.0,835355749
2,590,5.0,835355395
2,296,4.0,835355395
2,266,5.0,835355586
2,265,5.0,835355697
2,587,3.0,835355779
2,592,5.0,835355395
2,261,4.0,835355681
2,586,3.0,835355790
2,454,4.0,835355604
2,585,5.0,835355817
2,248,3.0,835355896
2,552,3.0,835355860
2,593,3.0,835355511
2,235,3.0,835355664
2,314,4.0,835356044
2,225,3.0,835355552
2,551,5.0,835355767
2,319,1.0,835355918
2,253,4.0,835355511
2,110,4.0,835355532
2,273,4.0,835355779
2,480,4.0,835355643
2,497,3.0,835355880
2,468,4.0,835355790
2,500,4.0,835355731
2,62,3.0,835355749
3,866,3.0,1298861687
3,267,3.0,1298861761
3,1580,3.5,1298922089
3,377,2.5,1298923242
3,595,2.0,1298923260
3,1884,4.0,1298863143
3,318,5.0,1298862121
3,110,4.0,1298922049
3,778,4.0,1298863157
3,593,3.0,1298921840
3,247,3.5,1298861637
3,2841,4.0,1298861733
3,2762,3.5,1298922057
3,592,3.0,1298923247
3,527,3.0,1298862528
3,296,4.5,1298862418
3,2028,4.0,1298921862
4,2100,5.0,949896114
4,2109,5.0,949919399
4,2094,4.0,949920028
4,2091,5.0,949896183
4,2087,5.0,949949638
4,2086,5.0,949896114
4,2102,5.0,949949396
4,2085,5.0,949949444
4,431,3.0,949895772
4,2064,5.0,949918648
4,590,3.0,949810534
4,2046,5.0,949810618
4,2110,3.0,949896309
4,2033,4.0,949982239
4,2021,4.0,949896114
4,2020,4.0,949811738
4,2018,5.0,949778771
4,2005,5.0,949896070
4,2003,2.0,949918970
4,153,4.0,949811346
4,364,5.0,949949538
4,2034,4.0,949896183
4,2144,5.0,949811603
4,2115,5.0,949918994
4,1371,4.0,949810302
4,296,5.0,949895708
4,480,5.0,949810582
4,112,5.0,949810582
4,2105,4.0,949896114
4,141,5.0,949919681
4,3101,4.0,949896275
4,3060,5.0,949919656
4,3040,5.0,949919419
4,3034,5.0,949949444
4,3016,3.0,949896543
4,2788,5.0,949919399
4,2770,1.0,949896521
4,173,3.0,949811346
4,2640,5.0,949810261
4,2616,1.0,949895993
4,260,5.0,949779042
4,2371,4.0,949811603
4,2348,4.0,949918927
4,2289,5.0,949919556
4,2263,3.0,949896309
4,185,3.0,949920047
4,616,5.0,949949444
4,2161,5.0,949896070
4,2000,5.0,949811602
4,2140,5.0,949896070
4,2193,3.0,949896070
4,289,4.0,949778802
4,2124,4.0,949919763
4,2114,5.0,949918927
4,1994,5.0,949896309
4,2054,3.0,949896114
4,858,5.0,949779022
4,594,5.0,949949538
4,1282,5.0,949949396
4,1073,5.0,949919372
4,1278,5.0,949919372
4,596,5.0,949949638
4,1376,3.0,949918904
4,1968,5.0,949811559
4,1377,3.0,949810688
4,1213,5.0,949895708
4,541,5.0,949779091
4,1580,5.0,949919978
4,380,3.0,949810534
4,1380,5.0,949896377
4,435,1.0,949920135
4,919,5.0,949949396
4,913,5.0,949919247
4,910,4.0,949919306
4,1954,5.0,949810261
4,1089,5.0,949895732
4,1918,2.0,949895956
4,1374,4.0,949918787
4,329,3.0,949810618
4,464,4.0,949811315
4,1396,5.0,949895772
4,903,5.0,949919189
5,903,3.5,1163373135
5,141,4.0,1163374242
5,344,3.5,1163373636
5,104,4.0,1163374639
5,277,4.5,1163373208
5,858,2.5,1163373651
5,2770,3.5,1163374947
5,1777,4.0,1163374601
5,788,3.5,1163374993
5,48385,4.5,1163374357
5,41569,4.0,1163374167
5,30793,3.5,1163374177
5,30707,4.5,1163374340
5,6373,4.0,1163374572
5,4995,4.5,1163373616
5,4025,4.5,1163375145
5,3176,3.5,1163374408
5,2762,3.5,1163373743
5,3114,3.5,1163374263
5,2502,3.5,1163374290
5,2023,1.5,1163373188
5,1997,3.5,1163374593
5,586,4.0,1163374392
5,1923,4.5,1163373726
5,1682,4.0,1163374214
5,1485,4.5,1163374608
5,597,5.0,1163373711
5,919,4.0,1163374286
5,1968,4.0,1163374324
5,500,4.5,1163373718
5,2294,4.0,1163373251
5,377,4.0,1163373610
5,1380,5.0,1163373044
5,595,4.0,1163374190
5,150,4.0,1163374404
5,364,4.0,1163373752
6,2502,3.5,1108134291
6,4975,1.5,1109258226
6,3114,4.0,1109258183
6,2761,4.5,1108134545
6,2657,2.0,1108134271
6,2528,3.0,1109258245
6,173,2.0,1109258228
6,8874,4.5,1108134521
6,2019,4.0,1109258270
6,1909,3.0,1108134344
6,1687,2.0,1109258281
6,1639,2.0,1109258179
6,596,4.0,1108134269
6,7090,3.0,1108134534
6,111,4.0,1109258212
6,158,2.0,1108134263
6,293,5.0,1108134539
6,1358,2.0,1109258181
6,903,4.0,1108134299
7,21,3.0,851867289
7,786,2.0,851866744
7,480,4.0,851869161
7,198,2.0,851868704
7,318,5.0,851868187
7,539,3.0,851867688
7,364,3.0,851868020
7,595,3.0,851868044
7,1375,3.0,851869140
7,1394,3.0,851867688
7,1408,1.0,851869140
7,1376,3.0,851869062
7,592,3.0,851868863
7,541,4.0,851869035
7,329,3.0,851868524
7,1371,3.0,851869160
7,590,4.0,851868186
7,1405,5.0,851866978
7,594,4.0,851868020
7,1373,2.0,851869230
7,708,3.0,851866744
7,1278,3.0,851867436
7,745,5.0,851868020
7,500,3.0,851867669
7,104,3.0,851866744
7,141,4.0,851866704
7,380,4.0,851869291
7,260,5.0,851869062
7,551,4.0,851868019
7,377,3.0,851869291
7,780,3.0,851866703
7,1073,3.0,851866744
7,345,3.0,851867621
7,112,4.0,851866720
7,207,3.0,851868705
7,1374,4.0,851869035
7,333,3.0,851867345
7,316,2.0,851869161
7,924,4.0,851868289
7,110,5.0,851868188
7,671,4.0,851866806
8,593,4.5,1154464833
8,4995,3.5,1154389449
8,4993,3.5,1154464819
8,543,5.0,1154389386
8,1552,3.0,1154389408
8,628,4.0,1154400284
8,805,3.5,1154389432
8,527,5.0,1154400170
8,2302,4.5,1154400414
8,260,3.5,1154464829
8,44004,3.0,1154473017
8,1358,0.5,1154474527
8,8873,4.0,1154465499
8,296,4.0,1154465380
8,2762,4.5,1154464717
8,4896,3.5,1154400398
8,2028,4.0,1154473259
8,318,5.0,1154464714
8,8874,3.0,1154465548
8,110,4.0,1154473268
8,1777,5.0,1154400458
8,524,2.0,1154400357
8,2100,3.0,1154389460
8,2502,5.0,1154464889
8,2841,3.0,1154400360
8,4011,4.5,1154464873
8,858,5.0,1154400181
8,4973,4.0,1154465373
8,4886,3.5,1154464808
8,2770,2.5,1154389541
9,2501,4.0,938628966
9,1541,2.0,938628777
9,2291,4.0,938629341
9,2539,2.0,938629341
9,1411,3.0,938628655
9,1584,4.0,938629341
9,26,3.0,938628655
9,2302,4.0,938628843
9,527,5.0,938628843
9,497,4.0,938628777
9,1680,4.0,938629054
9,1059,5.0,938629250
9,1358,4.0,938628450
9,608,5.0,938628843
9,1682,5.0,938628690
9,593,4.0,938628843
9,2762,4.0,938627748
9,318,4.0,938628966
9,2140,4.0,938629747
9,2294,2.0,938629250
9,2028,4.0,938629341
10,2108,3.0,942766472
10,1719,5.0,942766472
10,592,3.0,942767328
10,3019,4.0,942767571
10,1923,5.0,942766515
10,1499,3.0,942766845
10,2841,4.0,942766029
10,152,4.0,942766793
10,2539,4.0,942766845
10,345,4.0,942766603
10,344,3.0,942766603
10,318,4.0,942766515
10,1358,5.0,942766420
10,1089,3.0,942766420
10,2926,5.0,942767121
10,2907,2.0,942766213
11,169,3.0,1391657297
11,1408,5.0,1391658667
11,778,4.5,1391658505
11,1918,3.0,1391657062
11,2762,3.0,1391658583
11,923,5.0,1391658556
11,70,1.0,1391656827
11,2042,3.5,1391657376
11,296,5.0,1391658423
12,3179,2.0,968045354
12,3780,2.0,968045619
12,1374,1.0,968045475
12,2460,4.0,968045680
12,253,3.0,968045587
12,3176,3.0,968045649
12,1639,2.0,968045438
12,673,1.0,968045732
12,2259,2.0,955407153
12,608,2.0,968045353
12,2668,2.0,968045764
13,2761,4.0,1331379470
13,919,3.5,1331380871
13,296,3.5,1331380895
13,110,4.0,1331380038
13,524,3.5,1331379485
13,277,4.0,1331379348
13,4993,4.5,1331380883
13,590,4.0,1331380062
13,3114,3.0,1331380738
13,318,4.5,1331380029
13,531,4.0,1331379483
13,1918,3.0,1331379386
13,4886,3.5,1331380834
13,914,4.0,1331379366
13,2762,3.0,1331380765
13,3396,3.5,1331379599
13,587,3.0,1331380851
13,480,3.0,1331380025
13,527,4.0,1331380901
14,3114,4.0,976244591
14,3175,5.0,976244313
14,2038,3.0,976244179
14,594,1.0,976243997
15,70,0.5,1093070467
15,919,3.0,997938737
15,509,2.0,1093028389
15,1073,3.0,997938603
15,4973,2.0,1033343815
15,913,4.0,1416119525
15,778,4.0,1054450167
15,44004,1.0,1465880318
15,910,2.5,1122576681
15,4896,1.0,1040206325
15,4011,1.0,997937606
15,4993,5.0,1033343815
15,4886,5.0,1033344055
15,594,2.5,1245021392
15,608,5.0,997938500
15,2108,4.5,1058250482
15,3019,3.0,997938954
15,2841,2.0,1033344958
15,112,2.5,1093070156
15,2539,2.5,1465880194
15,260,5.0,997938437
15,2028,3.0,997938784
15,500,3.0,1035258747
15,329,1.5,1093028255
15,2501,3.0,997938760
15,903,5.0,997938346
15,380,4.0,997939179
15,431,4.0,1132469126
15,1680,3.0,1166586583
15,435,1.0,1093070102
15,1584,4.0,1052896685
15,541,5.0,997938438
15,1059,1.5,1166586136
15,1580,4.0,997939179
15,858,5.0,997938703
15,866,4.0,997938567
15,508,1.5,1093028394
15,2291,3.0,997939439
15,1089,4.0,997938528
15,590,3.0,1093028142
15,1213,3.0,997938749
15,1997,5.0,997938255
15,7090,3.0,1120209290
15,1923,4.5,1054449908
15,586,2.0,1093028377
15,1777,2.0,1134521514
15,1682,2.0,997939424
15,8874,2.5,1122925517
15,21,4.5,1058249528
15,1485,3.0,1093070397
15,788,1.5,1134521382
15,198,1.5,1134521967
15,593,5.0,997938500
15,316,3.0,1052896866
15,597,2.5,1093028267
15,344,2.0,1093028220
15,4975,1.0,1040205965
15,2502,5.0,1033344897
15,2761,2.0,997939037
15,2657,2.0,1052896819
15,293,5.0,997938567
15,111,5.0,997938500
15,48385,4.0,1257734226
15,30707,1.5,1127035004
15,6373,2.0,1134522002
15,4995,1.0,1033343815
15,1358,1.0,997938500
15,551,2.0,997939055
15,4025,1.0,1044348492
15,3176,2.0,997938413
15,1909,2.0,1052896819
15,587,1.0,1093028322
15,3114,1.0,1033344983
15,2019,4.5,1134521638
15,592,4.0,997939162
15,2528,2.0,1347937598
15,1639,4.0,1054449877
15,2302,3.5,1093070399
15,104,1.0,1093070113
15,3060,4.0,1052896975
15,2020,2.5,1379040745
15,524,2.5,1166586387
15,2018,2.0,1044347881
15,543,3.0,1093070381
15,2005,4.0,997938630
15,628,2.5,1093070326
15,2003,3.0,1034544351
15,1552,1.5,1134521507
15,1994,2.5,1166586228
15,1968,4.0,1052897128
15,527,4.0,997937239
15,1954,3.0,1040205792
15,1396,4.0,1055439459
15,1380,2.5,1166586012
15,1377,3.0,1093070479
15,2054,2.0,997938630
15,1394,4.0,997939021
15,318,2.0,997938727
15,2064,4.5,1338698431
15,2770,4.0,1033344702
15,2640,4.0,997939179
15,708,3.0,1093028406
15,2371,3.5,1166586655
15,2289,4.0,997938322
15,745,3.0,997938288
15,2161,3.0,997938630
15,3101,4.0,997937311
15,780,2.5,1093028151
15,539,2.0,1093028325
15,2124,2.0,1033345050
15,786,0.5,1093028395
15,2115,4.0,1193435562
15,924,5.0,997938358
15,247,2.0,997938567
15,2100,2.0,997938603
15,2140,3.0,1052896819
15,2000,3.0,1052896975
15,1719,4.0,997938931
15,2762,1.0,997938500
15,1092,2.5,1193436089
15,5618,1.5,1084489317
15,5528,1.0,1033344334
15,1093,2.0,1166586415
15,5481,2.0,1033344374
15,5458,1.0,1033344374
15,296,5.0,997938771
15,1280,3.0,997938941
15,1281,1.0,1063565335
15,1283,3.0,1416120074
15,5279,0.5,1054449705
15,5071,5.0,1044348382
15,5000,3.5,1443385401
15,1370,3.0,1093070198
15,4974,2.0,1349622574
15,1391,0.5,1093070145
15,4958,1.0,1469330599
15,1483,3.0,1193435343
15,1484,3.0,997938358
15,1573,4.0,997938476
15,1589,2.0,1093028013
15,4823,2.5,1416119762
15,4816,3.0,1166586875
15,1597,2.0,1134521585
15,4639,1.0,1033344625
15,1610,3.0,1040205754
15,1644,1.5,1166586517
15,1645,3.0,997938413
15,4380,2.0,1033345068
15,1088,2.0,1122576683
15,1649,2.0,997938647
15,994,4.0,997939453
15,5968,3.0,1040205624
15,7348,2.0,1093028001
15,7008,3.5,1240203970
15,3536,4.0,997937808
15,800,5.0,997938391
15,6961,2.5,1240203829
15,802,1.0,1128274713
15,6947,1.0,1347936706
15,6620,1.5,1082220241
15,6593,1.0,1096005208
15,803,4.5,1054450008
15,6552,1.5,1082220233
15,804,3.5,1134522085
15,832,1.0,1166586002
15,165,3.0,1093028183
15,851,4.0,1035258747
15,899,5.0,1058250570
15,909,4.0,997939604
15,6440,3.5,1054449659
15,911,4.0,1058250459
15,6283,1.0,1416119893
15,6037,3.0,1465954655
15,912,5.0,997938140
15,916,1.0,1128274460
15,6016,2.0,1093027992
15,922,1.0,1040205624
15,6003,1.5,1096005130
15,926,3.0,1044219825
15,931,1.0,1058250466
15,5991,1.0,1096005123
15,5902,4.0,1044220069
15,1653,3.0,1052896685
15,185,2.0,1052896916
15,1689,4.5,1465880892
15,2575,3.0,1033344772
15,253,2.0,1093028328
15,2605,1.0,1033344772
15,2617,1.0,1093070339
15,2671,4.0,997939653
15,3635,3.5,1345397811
15,923,5.0,997938727
15,2722,2.0,1033344732
15,2759,1.0,1033344752
15,2769,2.0,997937762
15,2912,4.0,1040205754
15,2925,4.0,1166585692
15,2990,3.5,1345398317
15,3010,4.0,997938727
15,223,4.0,997939415
15,235,4.0,997939415
15,3598,3.0,997937762
15,3033,4.0,1052896867
15,225,1.0,1134521432
15,3077,3.0,1033345241
15,3082,3.0,1166586269
15,3083,5.0,997938310
15,3089,3.0,997938895
15,3134,1.0,1044347881
15,3577,3.5,1465954636
15,3173,2.5,1122576723
15,3418,1.0,1040205754
15,3484,0.5,1465880417
15,3512,3.0,997937926
15,2428,1.0,1033344782
15,2360,2.0,997937311
15,2334,3.0,1469330601
15,2321,3.5,1122576690
15,1694,3.0,997938879
15,265,1.0,1058250479
15,1722,3.5,1134521534
15,1779,1.0,1166586707
15,1792,3.0,1458506454
15,1807,1.5,1093028022
15,1816,2.5,1465881179
15,1831,2.0,1166586439
15,1834,3.5,1058250734
15,4271,4.0,997937762
15,1836,2.0,1469330727
15,1859,5.0,997938834
15,1882,1.5,1166586478
15,1883,4.0,1052897043
15,784,2.5,1093070207
15,1921,4.0,1052896819
15,1945,4.0,997938954
15,4235,4.0,997937713
15,1955,4.5,1338698424
15,1956,4.0,1166587036
15,2006,4.0,1035258747
15,2058,2.5,1166586203
15,4232,3.0,997939162
15,2133,3.5,1166587080
15,3989,3.0,997937700
15,2134,3.5,1122576686
15,2160,3.0,1166586521
15,3981,1.0,1033344924
15,3763,2.0,1122576740
15,2288,3.0,1052896740
15,4247,1.0,1349622526
15,7451,3.5,1416119705
15,6978,2.5,1097770851
15,762,2.0,1093070454
15,162,4.0,997938676
15,163,2.0,1166586021
15,164,4.0,997938413
15,170,2.5,1166586376
15,172,1.0,1093070329
15,150,3.0,997939380
15,175,4.0,1166587180
15,176,4.0,1046209579
15,180,3.0,1166586276
15,157,2.0,1052896975
15,193,1.0,1193435347
15,161,3.0,1093028319
15,216,1.0,1349622582
15,377,4.0,1033344267
15,232,4.0,1033345227
15,233,4.0,1033344772
15,237,3.5,1166586251
15,246,5.0,997938656
15,252,2.0,1093070318
15,288,2.0,1093028372
15,196,2.0,1093070170
15,306,5.0,997938737
15,149,5.0,1075142933
15,123,4.0,997938358
15,1405,3.0,1052897043
15,2105,4.0,1052896867
15,914,1.5,1058250501
15,3175,4.0,997939162
15,2,2.0,1134521380
15,5,4.5,1093070098
15,2294,2.0,1052897012
15,6,4.0,1040205753
15,62,2.0,1093028336
15,145,3.5,1134521543
15,480,3.0,997939193
15,11,2.5,1093028381
15,14,2.5,1166586286
15,16,3.5,1093070150
15,19,1.0,1093028409
15,22,2.5,1093070415
15,95,1.5,1093028331
15,101,4.0,1134522072
15,107,2.0,1166586594
15,454,3.0,1093028323
15,110,3.0,1040205792
15,307,4.0,997938894
15,3543,2.0,1033344752
15,153,1.0,1128274517
15,483,1.0,997938905
15,8961,2.0,1101423869
15,8970,2.0,1163876370
15,364,4.0,997939065
15,69526,3.0,1257733119
15,45186,2.5,1316396016
15,8914,4.5,1101423864
15,535,3.0,1033345148
15,466,2.5,1134521456
15,31685,0.5,1361831527
15,562,3.0,1166586512
15,665,3.0,997939348
15,134368,4.5,1443384275
15,441,4.0,997938322
15,574,3.0,1141391972
15,494,4.0,1093028414
15,8665,3.5,1093027853
15,322,2.5,1120209787
15,31696,3.5,1127035028
15,8011,2.0,1093027976
15,339,2.5,1122576622
15,8984,2.0,1166981834
15,549,5.0,997938676
15,680,2.0,1052896867
15,335,2.0,997938391
15,40815,1.5,1416119662
15,750,4.0,997938438
15,342,3.0,1058250589
15,8974,2.5,1374637844
15,648,4.0,1093028231
15,429,1.0,1465955324
15,540,1.5,1240203835
15,46976,3.5,1222576367
16,2539,4.0,1137577918
16,1653,5.0,1137577694
16,4995,4.5,1178364909
16,337,4.0,1137577638
16,527,4.0,1178364921
16,4823,4.0,1148214251
16,750,4.0,1137577630
16,318,4.0,1178364881
16,6016,4.0,1178364961
17,858,5.0,1127469000
17,910,3.5,1127470036
17,903,5.0,1127468839
17,3598,4.0,1127473228
17,1580,2.5,1127469521
17,8914,4.5,1127470716
17,541,5.0,1127469561
17,431,4.5,1127471468
17,223,2.5,1127469577
17,8665,3.5,1127472829
17,1884,5.0,1127472570
17,2028,3.5,1127469494
17,318,5.0,1127469420
17,260,3.5,1127474688
17,2762,4.5,1127469504
17,866,4.5,1127470263
17,913,5.0,1127468808
17,482,0.5,1127475344
17,2021,3.5,1127473090
17,492,5.0,1127472949
17,714,4.5,1127473893
17,928,4.5,1127471079
17,1396,3.0,1127468688
17,942,3.5,1127470622
17,965,3.5,1127470607
17,1245,4.0,1127470820
17,1627,4.0,1127471602
17,1809,3.0,1127469129
17,194,4.0,1127470280
17,2110,3.5,1127475491
17,2067,4.5,1127470656
17,2118,4.0,1127472523
17,185,3.0,1127469509
17,2892,3.5,1127469374
17,4437,5.0,1127469334
17,4552,4.0,1127474968
17,31952,4.5,1127474893
17,27834,4.5,1127471248
17,8983,2.5,1127471208
17,1089,5.0,1127469308
17,8973,3.5,1127470788
17,8690,3.0,1127471144
17,778,4.5,1127469230
17,348,3.5,1127470013
17,247,2.0,1127471027
17,8195,3.0,1127474877
17,6643,4.5,1127468985
17,5608,4.5,1127470799
17,5137,4.5,1127471041
17,5062,5.0,1127472353
17,1213,5.0,1127469622
17,6016,5.0,1127470498
17,923,4.5,1127469756
17,608,3.5,1127469440
17,1092,4.0,1127469973
17,931,4.5,1127474822
17,922,5.0,1127468822
17,924,4.5,1127469594
17,912,4.5,1127471471
17,4975,4.0,1127475485
17,7090,4.0,1127472094
17,8874,3.5,1127470706
17,198,5.0,1127468896
17,1411,5.0,1127473298
17,3134,5.0,1127471284
17,680,4.5,1127472555
17,4993,4.5,1127469643
17,170,4.0,1127470242
17,172,3.5,1127468646
17,4973,4.5,1127470007
17,4896,0.5,1127470004
17,4886,3.5,1127473495
17,377,0.5,1127469444
17,527,4.0,1127469434
17,288,2.0,1127469552
17,2539,2.5,1127470166
17,296,5.0,1127469297
17,2657,3.0,1127469890
17,1653,5.0,1127468587
17,235,5.0,1127469684
17,593,4.5,1127469396
17,2160,4.5,1127469357
17,1923,3.0,1127469612
17,1997,4.0,1127469217
17,2023,4.0,1127469006
17,2502,1.0,1127469848
17,1921,5.0,1127470262
17,1834,4.5,1127471258
17,4995,3.0,1127473364
17,1645,3.5,1127469988
17,1597,2.5,1127469976
17,307,3.5,1127471192
17,111,5.0,1127469023
17,293,4.0,1127469604
17,480,0.5,1127469407
17,6,4.5,1127469542
17,590,3.0,1127469416
18,628,4.0,856007147
18,805,4.0,856007147
18,14,2.0,856007147
18,141,4.0,856006885
18,260,3.0,856007075
18,880,1.0,856007587
18,849,4.0,856007587
18,818,3.0,856092135
18,95,3.0,856006886
18,765,2.0,856007587
18,707,3.0,856007279
18,18,3.0,856007359
18,76,3.0,856007359
18,79,2.0,856007147
18,81,3.0,856007495
18,6,4.0,856006982
18,85,4.0,856007495
18,100,4.0,856007279
18,140,3.0,856007147
18,640,3.0,856007359
18,5,3.0,856006982
18,653,4.0,856007075
18,608,4.0,856006982
18,62,4.0,856006886
18,788,3.0,856007075
18,786,4.0,856006982
18,802,4.0,856007219
18,780,3.0,856006885
18,832,3.0,856007219
18,762,1.0,856007147
18,494,3.0,856006982
18,648,3.0,856006886
18,708,4.0,856007075
19,475,3.0,855191654
19,1370,4.0,855192636
19,380,3.0,855191228
19,1391,2.0,855190404
19,293,4.0,855194693
19,479,2.0,855193806
19,465,5.0,855193892
19,1283,4.0,855192120
19,431,4.0,855192210
19,451,3.0,855193700
19,493,4.0,855191517
19,423,3.0,855193488
19,379,3.0,855193845
19,441,3.0,855192455
19,464,4.0,855193488
19,166,2.0,855194264
19,11,3.0,855192773
19,177,2.0,855192496
19,179,2.0,855193865
19,596,5.0,855191553
19,229,4.0,855191701
19,6,3.0,855190128
19,594,4.0,855191383
19,249,3.0,855193530
19,262,5.0,855193220
19,269,3.0,855191882
19,281,3.0,855192982
19,541,4.0,855191622
19,1093,3.0,855192910
19,332,3.0,855193274
19,334,4.0,855191846
19,346,3.0,855192910
19,329,3.0,855192814
19,111,5.0,855191324
19,513,1.0,855193700
19,507,3.0,855192558
19,954,4.0,855192385
19,112,3.0,855190128
19,531,5.0,855193358
19,955,4.0,855192090
19,966,4.0,855194498
19,968,5.0,855192582
19,982,4.0,855193628
19,1090,4.0,855191584
19,923,5.0,855191517
19,70,4.0,855191324
19,1091,3.0,855194052
19,1103,4.0,855191882
19,1126,3.0,855194282
19,1389,1.0,855194693
19,4970,4.0,855193274
19,951,5.0,855192279
19,504,3.0,855193845
19,940,4.0,855192033
19,141,3.0,855190091
19,159,4.0,855191775
19,522,3.0,855193301
19,547,4.0,855194419
19,580,1.0,855194052
19,2,3.0,855194773
19,599,4.0,855192636
19,260,4.0,855190199
19,788,3.0,855190167
19,914,3.0,855193012
19,662,3.0,855190382
19,703,3.0,855190606
19,891,3.0,855194072
19,898,5.0,855192178
19,902,3.0,855192496
19,929,4.0,855193274
19,597,3.0,855193530
19,154,4.0,855191383
19,97,4.0,855190550
19,105,3.0,855192656
19,494,3.0,855190128
19,246,4.0,855191478
19,535,4.0,855191324
19,1377,3.0,855193700
19,196,3.0,855193806
19,780,3.0,855190091
19,965,4.0,855192061
19,1376,3.0,855192740
19,1374,3.0,855192496
19,176,4.0,855191383
19,562,3.0,855190447
19,172,1.0,855194345
19,1282,4.0,855191846
19,1278,4.0,855191654
19,180,3.0,855192957
19,648,3.0,855190091
19,288,5.0,855191383
19,805,3.0,855190199
19,1394,5.0,855192061
19,429,4.0,855194419
19,337,3.0,855193643
19,1408,3.0,855192910
19,194,4.0,855191383
19,307,5.0,855191622
19,1380,3.0,855193194
19,348,4.0,855191622
19,482,2.0,855192940
19,628,3.0,855190199
19,306,5.0,855191584
19,1396,3.0,855193012
19,786,3.0,855191702
19,928,5.0,855192419
19,924,4.0,855191289
19,1213,5.0,855191553
19,162,5.0,855191226
19,345,3.0,855191289
19,22,3.0,855192868
19,2019,3.0,855192254
19,931,3.0,855192814
19,903,4.0,855191622
19,16,5.0,855191930
19,1088,3.0,855193599
19,916,5.0,855192773
19,880,2.0,855190382
19,64,2.0,855193770
19,858,5.0,855191478
19,14,5.0,855190167
19,89,3.0,855193220
19,1375,4.0,855193244
19,1092,1.0,855192773
19,63,3.0,855190349
19,912,3.0,855191552
19,911,5.0,855192582
19,913,5.0,855191654
19,750,5.0,855191289
19,1089,4.0,855191228
19,145,4.0,855193720
19,608,5.0,855190128
19,333,3.0,855194773
19,101,3.0,855190531
19,1073,4.0,855190128
19,316,3.0,855194824
19,784,3.0,855190167
19,95,3.0,855190091
19,198,3.0,855191478
19,800,3.0,855191324
19,21,3.0,855193244
19,802,3.0,855190232
19,653,3.0,855190167
19,122,3.0,855194378
19,344,3.0,855194560
19,1373,3.0,855193845
19,253,3.0,855191430
19,550,3.0,855192254
19,339,4.0,855193599
19,1371,4.0,855193404
19,508,3.0,855192061
19,153,3.0,855193751
19,509,4.0,855194216
19,296,5.0,855191226
19,593,3.0,855191229
19,266,1.0,855194773
19,590,3.0,855191289
19,261,4.0,855194216
19,247,4.0,855191430
19,318,4.0,855195189
19,165,3.0,855191227
19,223,4.0,855191622
19,235,3.0,855191324
19,661,4.0,855190199
19,551,4.0,855192419
19,527,4.0,855191478
19,595,5.0,855195077
19,480,4.0,855192279
19,110,3.0,855193530
19,500,3.0,855194264
19,150,3.0,855191289
19,468,4.0,855194397
19,454,3.0,855193599
19,364,3.0,855195078
19,586,3.0,855194743
19,592,4.0,855191964
19,1405,3.0,855190404
19,377,3.0,855191289
20,1580,5.0,1238729865
20,480,3.0,1238729744
20,107,3.5,1224042765
20,592,4.0,1238729759
20,4993,4.0,1224043029
20,597,4.0,1238729844
20,296,0.5,1238729735
20,364,3.5,1238729826
20,497,5.0,1238731010
20,608,2.0,1238729789
20,912,2.0,1224043067
20,260,1.5,1224043057
20,344,1.0,1238729802
20,750,4.0,1224043081
20,318,4.5,1224043037
20,593,0.5,1238729741
20,500,3.0,1238729842
20,380,4.0,1238729779
20,1680,5.0,1224042771
20,2762,3.5,1238729839
20,207,2.5,1224042795
20,745,5.0,1224043160
20,150,3.0,1238729755
20,1103,4.0,1224042813
20,780,5.0,1238729772
20,858,2.0,1238729822
20,595,4.0,1238729816
20,905,3.5,1238729311
20,1907,4.0,1224042740
20,316,3.5,1238729834
20,153,4.0,1238729818
20,2690,5.0,1238731025
20,671,4.0,1224042769
20,527,2.5,1224043054
20,5618,3.5,1224043145
20,8970,2.5,1224043294
20,110,2.0,1238729747
20,590,2.0,1238729764
21,1282,3.0,853850933
21,379,3.0,853852608
21,329,3.0,853846400
21,595,3.0,853846511
21,597,3.0,853846723
21,466,3.0,853846873
21,1091,3.0,853853956
21,95,3.0,853157476
21,1376,3.0,853850905
21,954,4.0,853850874
21,380,3.0,853846783
21,849,3.0,853845946
21,1103,3.0,853847910
21,288,3.0,853857742
21,377,4.0,853846511
21,1090,4.0,853848134
21,1374,4.0,853849676
21,196,3.0,853847536
21,858,4.0,853850728
21,344,3.0,853847612
21,648,3.0,853157476
21,948,3.0,853851861
21,910,3.0,853850791
21,594,3.0,853846612
21,918,4.0,853852058
21,553,3.0,853846547
21,266,3.0,853846207
21,1370,3.0,853851257
21,273,3.0,853847723
21,1283,4.0,853850874
21,1281,4.0,853850997
21,393,3.0,853856221
21,913,4.0,853850728
21,541,3.0,853846813
21,296,3.0,853846400
21,1088,2.0,853853701
21,912,5.0,853848342
21,1380,3.0,853852501
21,919,4.0,853850874
21,899,3.0,853850791
21,750,5.0,853848506
21,1371,3.0,853852263
21,593,4.0,853846400
21,480,3.0,853846511
21,1089,3.0,853847910
21,112,4.0,853157544
21,551,3.0,853846443
21,333,3.0,853846752
21,780,3.0,853157476
21,924,4.0,853848314
21,316,3.0,853847574
21,590,4.0,853846443
21,923,5.0,853850699
21,592,3.0,853846639
21,1373,3.0,853853545
21,1375,3.0,853851841
21,586,3.0,853847813
21,509,4.0,853846612
21,914,5.0,853850835
21,21,3.0,853846669
21,260,3.0,853846669
21,1394,4.0,853851089
21,543,3.0,853847688
21,527,5.0,853846400
22,8961,3.5,1131663378
22,158,1.0,1131661890
22,253,4.5,1131662653
22,480,4.5,1131662100
22,1722,3.5,1131662000
22,1089,4.0,1131662364
22,4105,4.0,1131662565
22,784,1.5,1131662400
22,1371,2.0,1131662302
22,2617,2.5,1131723065
22,1377,4.0,1131662328
22,2605,2.0,1131723146
22,30793,4.0,1131663273
22,4886,4.0,1131661901
22,267,2.0,1131663069
22,1375,4.0,1131662317
22,173,1.5,1131662930
22,1391,3.5,1131662334
22,315,3.0,1131662435
22,541,4.5,1131664363
22,4993,5.0,1131662640
22,153,3.0,1131662452
22,2006,2.5,1131661978
22,2616,2.5,1131664710
22,4896,3.5,1131662103
22,6373,2.0,1131662491
22,296,5.0,1131664320
22,2288,4.0,1131664741
22,1645,2.5,1131662268
22,593,4.5,1131723291
22,1641,2.0,1131662659
22,1580,4.0,1131664393
22,31696,4.0,1131663089
22,260,4.0,1131663354
22,1884,4.5,1131663032
22,235,2.0,1131662423
22,592,4.5,1131663223
22,1682,2.5,1131663443
22,2990,3.0,1131662717
22,163,4.5,1131664404
22,586,1.0,1131664533
22,3033,4.0,1131664474
22,2502,1.5,1131663552
22,1923,2.5,1131662243
22,3082,3.5,1131723124
22,2762,4.0,1131663393
22,1997,3.0,1131662014
22,2023,3.5,1131662226
22,70,3.0,1131661969
22,552,3.0,1131661923
22,858,4.0,1131662354
22,2115,3.5,1131662232
22,2657,2.0,1131661911
22,1374,3.5,1131662312
22,1909,3.0,1131663020
22,551,5.0,1131663387
22,1376,4.0,1131661918
22,3176,2.5,1131662162
22,4011,4.5,1131663886
22,4975,4.5,1131662960
22,648,5.0,1131663139
22,7454,3.0,1131663081
22,2291,4.5,1131663683
23,527,3.5,1148729022
23,5618,3.5,1148670503
23,5902,5.0,1148671465
23,8984,3.0,1148673032
23,8970,4.5,1148672765
23,805,3.5,1148669087
23,5991,2.5,1148728773
23,7008,1.5,1148673512
23,6552,3.5,1148730325
23,6016,5.0,1148670462
23,6440,3.5,1148728655
23,6620,3.5,1148777833
23,6947,2.5,1148669950
23,480,3.5,1148729018
23,153,3.0,1148720873
23,6643,4.5,1148673277
23,8195,3.0,1148672148
23,8973,4.0,1148673065
23,316,3.5,1148668967
23,595,4.5,1148672375
23,2657,3.0,1148669012
23,653,2.5,1148669090
23,7090,4.5,1148729574
23,89,4.0,1148669357
23,154,4.0,1148672842
23,110,3.5,1148669588
23,586,3.5,1166728142
23,262,4.0,1148728957
23,1213,5.0,1148669055
23,62,4.0,1166728220
23,465,3.5,1148669887
23,1089,3.5,1148671525
23,2019,4.0,1148669760
23,1408,3.5,1148720760
23,345,4.0,1148673085
23,745,4.5,1148669873
23,40815,3.0,1148673758
23,1954,3.0,1148728778
23,293,4.0,1148672319
23,1394,4.0,1148669808
23,45186,3.5,1148672962
23,337,4.5,1148672736
23,492,4.5,1148669346
23,4823,4.0,1148669432
23,928,4.5,1148671884
23,942,4.0,1148669571
23,965,3.5,1148729987
23,1380,2.5,1166728237
23,924,3.5,1148729982
23,2067,2.5,1148728867
23,150,3.5,1148672933
23,539,2.5,1148729848
23,780,3.5,1148673415
23,1377,2.5,1148670340
23,4816,3.0,1148670015
23,4011,4.5,1149868172
23,4235,4.0,1148671013
23,2539,2.0,1149868567
23,3176,5.0,1148672449
23,2501,4.0,1148669215
23,2291,4.0,1148672768
23,535,4.5,1166036040
23,1584,4.0,1148669800
23,648,4.5,1148672950
23,319,4.5,1148669351
23,597,3.0,1149868548
23,1411,3.5,1148669282
23,593,4.5,1148671818
23,4995,4.5,1148668988
23,750,4.5,1148670499
23,1059,4.5,1148672402
23,899,4.5,1148671949
23,104,3.5,1148730116
23,909,3.5,1148730009
23,911,4.0,1148671953
23,344,2.0,1148668961
23,608,4.5,1148669574
23,1499,1.5,1148720958
23,3019,3.5,1148778622
23,2023,3.0,1148669036
23,1997,3.5,1148728429
23,6,3.5,1148730128
23,11,3.5,1166728170
23,592,3.5,1148670328
23,16,4.0,1148672550
23,19,2.0,1148669114
23,2502,4.0,1149868257
23,497,4.5,1148669881
23,914,3.0,1148673452
23,1682,5.0,1148670981
23,3114,3.5,1148669703
23,246,4.5,1148729570
23,252,4.0,1148669102
23,923,5.0,1148669082
23,788,2.0,1148669865
23,306,3.5,1148777951
23,307,2.5,1148777966
23,172,2.5,1148386188
23,508,4.5,1148669092
23,912,5.0,1148669852
23,922,4.5,1148671777
23,247,4.0,1148673304
23,2321,5.0,1148669024
23,2334,2.5,1148669239
23,253,3.5,1148668973
23,2360,3.5,1148730053
23,41569,2.0,1148720535
23,2575,3.0,1148672184
23,48385,3.5,1166728226
23,1956,1.0,1148728746
23,2617,3.5,1166728248
23,590,2.5,1148728787
23,111,5.0,1148671365
23,235,4.0,1148729698
23,1552,3.0,1148669048
23,3082,2.5,1148720826
23,3083,5.0,1148670143
23,3089,4.5,1148671881
23,3989,4.0,1148777876
23,318,5.0,1148668964
23,4886,3.5,1148730186
23,1955,4.0,1148728759
23,1945,4.5,1148672322
23,926,4.0,1148729661
23,931,4.5,1148672493
23,8873,4.5,1148669373
23,296,4.5,1148671517
23,2640,4.5,1148669716
23,4993,4.0,1148670407
23,4973,5.0,1148668997
23,1280,5.0,1148670134
23,1281,3.0,1148777902
23,2289,4.0,1148671976
23,509,4.5,1148672198
23,30707,3.5,1148672278
23,1391,3.5,1148730168
23,4896,3.5,1148673770
23,265,3.5,1148673465
23,1722,3.0,1148669792
23,1792,3.5,1148669267
23,2115,4.0,1148670901
23,30793,3.5,1148730062
23,185,3.5,1148778581
23,802,3.5,1148669863
23,4975,2.0,1148729348
23,898,4.5,1148671970
23,2022,4.0,1148672527
23,2176,5.0,1148672486
23,2721,3.5,1148673094
23,2731,5.0,1148672620
23,3053,2.0,1148669188
23,3088,2.5,1148671916
23,3681,3.5,1148669165
23,4267,4.0,1148778637
23,1907,3.5,1148669265
23,4967,5.0,1148673264
23,905,4.0,1148728730
23,4978,4.5,1148730339
23,5470,3.0,1148669643
23,5971,4.5,1148728488
23,6404,3.5,1148777788
23,6415,1.5,1148671670
23,541,3.0,1148668958
23,8656,2.5,1148777970
23,34326,4.0,1148673587
23,39231,4.0,1148673719
23,42418,3.5,1148671236
23,1103,4.5,1148721090
23,425,3.5,1148669891
23,1959,2.5,1148728802
23,778,4.5,1148669858
23,1958,3.5,1148728790
23,1957,3.5,1148728769
23,532,3.5,1148720627
23,605,4.0,1148669338
23,668,4.5,1148669877
23,670,4.5,1166035850
23,841,4.0,1148729708
23,224,4.0,1148729797
23,900,2.5,1148728764
23,24,3.5,1148673467
23,20,1.5,1148720884
23,903,3.5,1148671779
23,858,5.0,1148670263
23,949,3.5,1148721092
23,1277,3.5,1148720736
23,1835,3.5,1148670970
23,1873,3.0,1148730178
23,1900,3.5,1148730066
23,1927,3.0,1148728727
23,948,3.5,1148721097
23,1941,3.5,1148728751
23,910,4.5,1148777884
23,1944,4.0,1148721075
23,1580,3.5,1148668953
23,1946,4.0,1148669538
23,913,4.0,1148670548
23,431,3.5,1148730048
23,236,4.5,1148386155
23,260,4.5,1148668970
23,2762,4.0,1149868231
23,380,4.0,1148673420
23,954,5.0,1148669329
23,2028,4.0,1148671551
23,1090,4.0,1148669833
23,955,3.5,1148669327
24,380,4.0,849282414
24,150,3.0,849282414
24,296,5.0,849282414
24,95,3.0,849321588
24,6,5.0,849321588
24,81,4.0,849321769
24,592,3.0,849282414
24,590,4.0,849282414
24,786,4.0,849321569
24,780,4.0,849282720
24,648,4.0,849321569
24,165,4.0,849282506
24,316,3.0,849282540
25,260,4.0,859625336
25,786,3.0,859625254
25,1358,5.0,859625974
25,780,4.0,859625180
25,1483,3.0,859626258
25,1391,2.0,859625669
25,608,3.0,859625254
25,788,2.0,859625336
25,842,2.0,859625824
25,653,2.0,859625336
25,802,5.0,859625442
25,707,3.0,859625553
25,1405,3.0,859625669
25,494,3.0,859625254
25,104,4.0,859625336
25,832,3.0,859625495
25,784,3.0,859625336
25,78,3.0,859625874
25,778,4.0,859625495
25,1073,5.0,859625254
26,8961,4.0,1351545119
26,4011,5.0,1351545050
26,4973,3.5,1351545042
26,8665,4.0,1352058548
26,153,3.5,1360088114
26,318,4.0,1360087964
26,858,4.0,1360088089
26,1687,3.5,1351544445
26,316,0.5,1360088129
26,165,2.5,1360088108
26,6016,5.0,1352597728
26,593,3.5,1354752756
26,8874,1.5,1351545104
26,344,0.5,1360088074
26,1089,3.5,1371811577
26,780,3.5,1360088024
26,608,3.5,1360088060
26,5608,4.0,1364420293
26,1580,3.5,1360088119
26,1405,1.5,1351544316
26,1884,4.0,1352636799
26,377,3.0,1360088079
26,380,3.0,1360088041
26,63,0.5,1351544773
26,296,3.5,1360087955
26,1653,3.5,1371811514
26,480,2.5,1360087958
26,59387,3.0,1353868028
26,4995,3.0,1352058609
26,3114,4.5,1371811559
26,648,2.5,1360088081
26,500,1.0,1360088125
26,46976,4.0,1351545138
26,2028,3.0,1352058527
26,260,3.0,1360087975
26,778,4.5,1354313990
26,1831,3.0,1351544355
27,2501,4.0,939079779
27,2762,5.0,939076519
27,1584,4.0,939079553
27,73,5.0,939079553
27,111,4.0,939076893
27,527,5.0,939079002
27,296,4.0,939077164
27,1892,4.0,939079553
27,1639,4.0,939079118
27,1610,4.0,939080148
27,2502,4.0,939082276
27,593,4.0,939076893
27,1213,4.0,939080935
28,2028,3.0,938942529
28,1059,5.0,938944408
28,2291,4.0,938943524
28,903,3.0,938944636
28,110,4.0,938944407
28,1610,4.0,938943245
28,913,4.0,938943150
28,1956,4.0,938944407
28,2109,5.0,938944457
28,926,5.0,938942821
28,1945,5.0,938943202
28,1883,4.0,938944505
28,2662,4.0,938943976
28,924,4.0,938942755
28,902,5.0,938944550
28,2300,4.0,938944975
28,1831,1.0,938942755
28,2202,5.0,938943408
28,898,5.0,938944407
28,2470,4.0,938943150
28,899,5.0,938944744
28,1366,5.0,938944636
28,2019,2.0,938942821
28,345,5.0,938944923
28,21,5.0,938942396
28,909,4.0,938944975
29,778,5.0,1313927169
30,14,4.0,945276564
30,2122,2.0,945295156
30,2642,1.0,945295156
30,16,5.0,945115684
30,2611,5.0,949984748
30,2687,5.0,945118470
30,1884,1.0,948165859
30,2116,3.0,952744480
30,2112,3.0,945276493
30,454,5.0,945276439
30,2088,3.0,945295156
30,162,1.0,945113597
30,2024,1.0,945115480
30,1923,4.0,945115864
30,2148,1.0,945294872
30,6,4.0,945276746
30,2255,2.0,960917865
30,480,4.0,948140634
30,2639,4.0,945294641
30,2577,3.0,986009301
30,2023,5.0,1039070774
30,2,2.0,945277634
30,2517,2.0,945294858
30,2463,4.0,945294641
30,2457,4.0,945294437
30,170,4.0,994458393
30,2320,4.0,945277718
30,1997,5.0,945123317
30,592,4.0,945294508
30,2307,4.0,948069839
30,2264,2.0,945295069
30,2105,2.0,994439964
30,11,4.0,948141296
30,1682,5.0,946162223
30,1485,4.0,945277520
30,1791,4.0,945278540
30,540,4.0,960820031
30,581,3.0,945276726
30,426,2.0,945277698
30,424,4.0,946161737
30,100,4.0,945277812
30,228,2.0,986009538
30,227,2.0,945279013
30,344,2.0,994458003
30,203,3.0,994458432
30,535,4.0,945115684
30,118,3.0,994458116
30,2470,4.0,945294764
30,593,4.0,945114031
30,750,3.0,945112993
30,762,3.0,945278328
30,2300,5.0,945115512
30,800,4.0,945115105
30,595,5.0,945122884
30,1090,4.0,945294381
30,832,4.0,945276918
30,18,2.0,945277971
30,5991,5.0,1043686934
30,782,3.0,945276900
30,947,4.0,945114585
30,377,4.0,945276660
30,954,4.0,945115133
30,1783,4.0,994439516
30,1701,4.0,945115767
30,196,2.0,999626484
30,2749,4.0,960917771
30,1672,4.0,945276439
30,765,3.0,951009383
30,1624,4.0,948140224
30,869,2.0,960819972
30,1598,4.0,945277971
30,288,1.0,952884892
30,640,3.0,951009961
30,364,3.0,945276685
30,380,4.0,945277224
30,1588,2.0,945277026
30,597,4.0,945122819
30,1114,3.0,1039068134
30,1018,3.0,945295766
30,996,3.0,986009052
30,707,3.0,945278043
30,110,5.0,945122218
30,1965,4.0,986738498
30,2750,4.0,986738419
30,5729,3.0,1039067617
30,805,5.0,945277026
30,141,4.0,951010161
30,5689,4.0,1033880299
30,5680,4.0,1036984289
30,1552,4.0,945278003
30,5548,4.0,1029516219
30,111,4.0,945113485
30,1213,5.0,945114231
30,5544,4.0,1029516219
30,5506,4.0,1030232314
30,590,5.0,945115727
30,5247,3.0,1015205474
30,2302,4.0,945276393
30,5187,4.0,1015205545
30,5122,4.0,1014004783
30,4954,4.0,1008086617
30,4011,4.0,996950355
30,4951,3.0,1009340636
30,527,5.0,945121654
30,4929,3.0,1006492955
30,628,5.0,946162223
30,5923,3.0,1038203534
30,586,4.0,945278021
30,1089,5.0,948167359
30,2762,5.0,945118236
30,21,5.0,945276705
30,2528,3.0,945295543
30,2193,3.0,945294700
30,587,2.0,945277405
30,2841,4.0,945118578
30,507,4.0,968786739
30,539,3.0,945276726
30,898,5.0,945123379
30,1358,5.0,945113981
30,451,4.0,945277919
30,780,4.0,945277224
30,924,4.0,945114984
30,1394,5.0,945114495
30,5961,4.0,1041284839
30,5927,4.0,1038203534
30,158,3.0,945277588
30,5854,4.0,1039070904
30,914,4.0,945115727
30,4886,4.0,1004923866
30,4628,5.0,994456636
30,3176,4.0,949275887
30,3526,4.0,960917609
30,3426,4.0,954816853
30,3111,5.0,945113057
30,2539,4.0,945117600
30,3087,2.0,945294811
30,3074,4.0,948141681
30,2108,4.0,945276856
30,3019,3.0,945123497
30,70,4.0,1007352836
30,3072,4.0,948167200
30,3063,2.0,945277311
30,923,5.0,945123035
30,1278,3.0,945113844
30,3035,4.0,952885177
30,2787,4.0,945294764
30,2757,2.0,945294700
30,2259,3.0,948165999
30,531,3.0,945122884
30,500,4.0,945277277
30,4710,4.0,996950542
30,2291,5.0,945122526
30,260,4.0,948167472
30,4499,4.0,1009340636
30,4896,4.0,1009935138
30,509,5.0,945122648
30,4488,3.0,994440115
30,4486,4.0,994457417
30,4482,4.0,1039067222
30,4464,4.0,994458116
30,4326,5.0,990239742
30,4291,3.0,994457827
30,4012,2.0,1015714238
30,4993,3.0,1010289168
30,3537,4.0,957566237
30,3529,4.0,954818365
30,508,5.0,945122127
30,2028,5.0,945113656
30,608,5.0,945121703
30,4995,5.0,1019362987
30,281,4.0,945115182
30,1584,5.0,946162247
30,4025,3.0,1009341085
30,3114,5.0,948069950
30,2054,1.0,944943070
30,150,5.0,945122277
30,919,4.0,952885624
30,337,5.0,945121922
30,2115,4.0,945294811
30,261,4.0,951008613
30,913,5.0,945113429
30,1834,4.0,949977510
30,2114,4.0,945294437
30,2616,3.0,945278292
30,1882,2.0,1030334513
30,1092,4.0,948141124
30,1396,4.0,945277002
30,1958,3.0,945115767
30,1955,4.0,945114961
30,594,3.0,945116219
30,2109,3.0,945295466
30,1073,3.0,945295466
30,425,4.0,945114071
30,1956,4.0,945113844
30,1957,4.0,945123497
30,2118,4.0,948166679
30,2640,4.0,948167578
30,2160,5.0,945280501
30,1945,4.0,945114192
30,4639,4.0,997064028
30,1694,5.0,945114071
30,1093,1.0,945115105
30,2263,2.0,945294858
30,2003,3.0,994457962
30,1370,4.0,945277207
30,4978,5.0,1017556925
30,1380,4.0,945295543
30,1245,4.0,945122127
30,532,2.0,945277742
30,1589,3.0,945122819
30,928,5.0,945123334
30,165,4.0,948141601
30,2371,3.0,945294509
30,1610,5.0,945276587
30,858,5.0,945113250
30,492,4.0,945276493
30,2289,5.0,945114406
30,1645,5.0,945116175
30,348,5.0,945114800
30,2124,4.0,945276960
30,661,2.0,945277181
30,3763,3.0,986745621
30,3053,4.0,948167081
30,541,4.0,948166511
30,2144,3.0,945116220
30,2094,4.0,945277405
30,1283,4.0,948166855
30,1088,4.0,945294811
30,3173,3.0,948595947
30,899,4.0,945280609
30,1366,5.0,945277990
30,2617,3.0,1012830681
30,235,4.0,945114746
30,5902,4.0,1045502600
30,1277,5.0,945122526
30,1968,4.0,945294381
30,922,5.0,945280543
30,1994,4.0,945294641
30,3101,5.0,945115727
30,5968,4.0,1041284839
30,224,4.0,996057525
30,912,5.0,945113329
30,3082,3.0,1033398031
30,2671,4.0,946161135
30,161,5.0,948166619
30,1091,1.0,945295052
30,903,4.0,948167638
30,318,5.0,945112993
30,3418,4.0,952742981
30,1873,5.0,945122010
30,78,2.0,945706968
30,1126,2.0,960819766
30,1377,3.0,945277674
30,553,4.0,948140535
30,1954,5.0,945114883
30,2321,5.0,945122794
30,253,4.0,948141681
30,296,5.0,994439589
30,2605,4.0,945118833
30,1580,4.0,945880463
30,2334,3.0,945277654
30,3543,5.0,954814639
30,2000,4.0,945294641
30,2912,4.0,1010373507
30,596,4.0,960918653
30,2064,4.0,945113775
30,2770,3.0,945118400
30,3536,4.0,986011269
30,6440,4.0,1055797723
30,1892,5.0,945122605
31,111,4.5,1273714533
31,318,4.0,1273542992
31,4886,4.0,1274150314
31,527,5.0,1273543009
31,260,4.0,1273720416
31,2502,4.0,1273720582
31,8961,4.0,1274150085
31,4993,4.5,1273720397
31,3072,3.0,1273541964
31,2028,4.5,1273542882
31,1957,4.5,1273542033
31,379,4.0,1273542073
31,3087,3.5,1273542085
31,858,4.5,1273720163
31,296,4.5,1273714417
31,1091,3.0,1273542081
31,1089,4.5,1273714480
31,541,4.0,1273720299
31,778,3.5,1273720368
32,266,3.0,834828185
32,110,5.0,834828155
32,377,4.0,834828361
32,480,5.0,834828286
32,173,3.0,834828227
32,592,4.0,834828059
32,153,4.0,834828085
32,165,4.0,834828085
32,337,4.0,834828248
32,261,4.0,834828302
32,296,2.0,834828059
32,553,5.0,834828248
32,204,4.0,834828285
32,252,3.0,834828268
32,333,3.0,834828337
32,150,5.0,834828059
32,316,3.0,834828108
32,364,3.0,834828227
32,380,3.0,834828059
32,2,4.0,834828285
32,344,4.0,834828085
32,158,3.0,834828318
32,595,2.0,834828108
32,225,2.0,834828168
32,590,5.0,834828059
32,168,3.0,834828318
32,19,3.0,834828185
33,2787,4.0,1032680233
33,2617,2.0,1032859504
33,2005,4.0,1032679843
33,157,1.0,1033543456
33,562,4.0,1032859878
33,4483,5.0,1032676888
33,88,3.0,1032678367
33,1359,3.0,1032859220
33,832,4.0,1033604138
33,851,1.0,1032678174
33,2064,5.0,1032679359
33,1091,4.0,1032772901
33,4974,3.0,1032858979
33,2088,2.0,1032680420
33,2006,4.0,1032678268
33,4251,4.0,1032677507
33,19,3.0,1032769612
33,1394,2.0,1032679469
33,4248,1.0,1032859254
33,2891,1.0,1032859119
33,2926,3.0,1032679887
33,1994,5.0,1032679707
33,2107,2.0,1032676887
33,532,4.0,1032768899
33,4558,3.0,1032680212
33,2193,2.0,1032680004
33,4247,3.0,1034930190
33,4975,4.0,1032677541
33,4488,2.0,1032679865
33,2371,4.0,1032679978
33,2502,5.0,1032858907
33,377,2.0,1032676906
33,4988,3.0,1032859878
33,4929,4.0,1032680332
33,5483,4.0,1032677082
33,344,4.0,1032769612
33,2470,4.0,1032680420
34,2662,4.0,973747591
34,595,4.0,973746365
34,2657,4.0,973747723
34,296,5.0,973746450
34,198,3.0,973747709
34,1089,4.0,973748508
34,1059,5.0,973747315
34,3418,3.0,973748196
34,253,4.0,973747949
34,940,5.0,973748614
34,581,4.0,973747385
34,2762,4.0,973748508
34,608,4.0,973746527
34,912,5.0,973746569
34,1954,3.0,973748277
34,858,4.0,973746463
34,2028,4.0,973746494
34,1090,4.0,973746543
34,1213,5.0,973747188
34,2288,5.0,973747609
34,593,4.0,973746494
34,750,4.0,973746814
34,562,4.0,973747258
34,2064,5.0,973746961
34,527,4.0,973746450
34,293,4.0,973748543
34,21,4.0,973748254
34,3062,4.0,973748228
34,919,3.0,973748587
34,1396,4.0,973747658
34,1103,4.0,973748111
34,541,4.0,973747459
34,337,5.0,973746864
34,1653,4.0,973747685
34,1645,3.0,973748979
34,2289,5.0,973746929
34,482,5.0,973747271
34,1997,5.0,973747911
34,377,3.0,973748307
34,1610,4.0,973748228
34,110,4.0,973747427
34,1965,3.0,973747591
34,6,3.0,973747402
34,1597,3.0,973749013
34,1589,4.0,973748979
34,1358,5.0,973746613
34,1923,4.0,973747327
34,678,5.0,973746450
34,2527,4.0,973747697
34,150,4.0,973746527
34,1092,4.0,973749001
34,924,5.0,973747559
34,599,3.0,973748336
34,923,5.0,973748034
34,2528,3.0,973747723
34,2105,4.0,973747765
34,260,4.0,973747559
34,3035,5.0,973746668
34,3074,4.0,973748361
34,1580,3.0,973747621
34,913,5.0,973747459
34,316,4.0,973747797
34,288,4.0,973746243
34,70,4.0,973746231
35,24,2.5,1174450075
35,838,4.0,1174450072
35,247,3.0,1174450074
35,468,4.0,1174450073
35,2105,3.5,1174450064
35,3072,5.0,1174450056
35,2289,3.5,1174450061
35,914,1.5,1174450057
36,521,4.0,847057776
36,543,3.0,847057328
36,147,3.0,847057765
36,475,4.0,847057363
36,223,5.0,847057223
36,539,3.0,847056854
36,1367,3.0,853005621
36,586,2.0,847056854
36,293,5.0,847057094
36,838,4.0,847058174
36,527,5.0,847056901
36,165,3.0,847056547
36,242,4.0,847058186
36,532,3.0,847057415
36,381,3.0,847057328
36,345,4.0,847057385
36,524,3.0,847057575
36,68,4.0,847058235
36,236,3.0,847057018
36,312,3.0,847057827
36,469,4.0,847058159
36,551,3.0,847057094
36,21,3.0,847056854
36,55,4.0,853005393
36,321,5.0,847058110
36,587,3.0,847056854
36,431,4.0,847057363
36,6,3.0,847057147
36,18,4.0,847058210
36,253,4.0,847056783
36,260,5.0,847057564
36,531,4.0,847057444
36,252,3.0,847057061
36,261,4.0,847057120
36,480,3.0,847056636
36,265,5.0,847057136
36,592,3.0,847056510
36,788,2.0,853005800
36,348,3.0,847057278
36,232,5.0,847057504
36,216,3.0,847057385
36,778,5.0,847058362
36,16,3.0,847057223
36,273,3.0,847057240
36,144,4.0,847057626
36,296,4.0,847056510
36,454,3.0,847056783
36,145,3.0,847057301
36,246,4.0,847057256
36,249,4.0,847057471
36,277,3.0,847057202
36,288,4.0,847056803
36,540,3.0,847057363
36,318,4.0,847056636
36,590,3.0,847056510
36,597,3.0,847056819
36,593,4.0,847056670
36,509,4.0,847057018
36,248,2.0,847057444
36,315,5.0,847056984
36,640,3.0,853005492
36,307,5.0,847057520
36,111,4.0,847057202
36,306,5.0,847057482
36,334,4.0,847058173
36,508,4.0,847057047
37,595,5.0,981308140
37,940,3.0,981308294
37,2028,4.0,981304316
37,364,5.0,981308154
37,4011,3.0,981304524
37,912,5.0,981308213
37,1907,5.0,981308177
37,2085,4.0,981308140
37,902,2.0,981308246
38,1682,4.0,1416075214
38,838,4.5,1389721548
38,8656,4.5,1389770804
38,8197,4.5,1389727922
38,364,4.0,1389806534
38,306,4.5,1389721577
38,318,4.5,1389722765
38,293,4.5,1389806635
38,858,4.5,1389722583
38,590,3.5,1389806500
38,1213,4.0,1416075195
38,593,4.5,1392361495
38,4973,4.0,1389722650
38,527,4.5,1392361524
38,4993,4.0,1389806551
38,2000,3.0,1416075336
38,4995,4.5,1416075239
38,296,5.0,1389730389
38,926,4.5,1416074954
38,2750,4.0,1389721880
38,110,4.0,1390332781
38,2075,4.5,1389722398
38,778,4.0,1389806694
38,16,4.5,1389771630
39,662,5.0,833534266
39,76,3.0,832523411
39,198,5.0,832523229
39,296,5.0,832523013
39,73,3.0,833532967
39,220,4.0,832523478
39,648,4.0,833532966
39,330,2.0,832523386
39,21,3.0,833532967
39,606,4.0,832523411
39,338,3.0,832525157
39,168,3.0,832525093
39,288,4.0,832523339
39,315,4.0,832525157
39,153,3.0,832523045
39,553,4.0,832525093
39,332,3.0,832523386
39,223,4.0,832523276
39,177,4.0,832523386
39,253,4.0,832523151
39,70,5.0,832523201
39,6,4.0,832523607
39,426,3.0,832523386
39,16,5.0,832525129
39,110,5.0,832523550
39,145,3.0,832523738
39,162,5.0,832525181
39,170,3.0,832525181
39,175,3.0,833534728
39,180,5.0,832523276
39,273,3.0,832523340
39,333,3.0,832523307
39,316,4.0,832523082
39,150,4.0,832523013
39,165,5.0,832523045
39,22,4.0,832523361
39,590,3.0,832523013
39,593,3.0,832523340
39,293,4.0,832523276
39,344,4.0,832523045
39,380,5.0,832523013
39,592,3.0,832523013
39,595,3.0,832523082
40,260,4.5,1466993118
40,8961,4.5,1466993276
40,4993,4.5,1466993344
40,8874,4.5,1466993229
41,1374,4.5,1093887459
41,2528,4.0,1093886794
41,780,4.0,1093889923
41,4232,4.0,1109815125
41,1719,4.0,1093889432
41,1371,3.5,1093886662
41,541,5.0,1093886954
41,4553,4.5,1107100717
41,1073,4.0,1093888221
41,4789,5.0,1093888629
41,6116,4.5,1107100678
41,435,4.0,1107100407
41,2322,3.5,1093887900
41,1880,4.0,1093889528
41,1376,4.0,1093887310
41,316,3.5,1093887342
41,327,4.0,1093887872
41,1552,3.5,1109816599
41,648,4.0,1093889939
41,233,4.0,1093889445
41,1580,4.0,1093887797
41,165,4.0,1093889934
41,196,3.0,1107100488
41,986,3.5,1093888257
41,919,4.0,1093888563
41,377,4.5,1093889928
41,5618,4.0,1093889018
41,1591,4.0,1109817081
41,172,3.5,1093886586
41,849,4.0,1093887933
41,1772,4.0,1093888605
41,2003,2.5,1093886710
41,426,3.0,1093887714
41,3033,4.0,1093886735
41,592,4.0,1109816473
41,2,3.5,1093888283
41,2642,3.5,1093887641
41,2105,5.0,1093886731
41,253,4.0,1093889592
41,329,4.0,1093887332
41,1375,4.0,1093886628
41,1997,4.0,1093886646
41,332,4.0,1093887890
41,262,4.5,1093888245
41,260,4.0,1093886942
41,2640,4.0,1093887000
41,173,4.0,1093887939
41,1965,3.0,1093887748
41,6951,4.0,1093888293
41,3175,4.0,1107100458
41,1373,4.0,1093887305
41,6264,3.5,1093887841
41,380,4.0,1093889918
41,1779,3.5,1109816608
41,110,4.0,1107100653
41,924,5.0,1093886949
42,380,3.5,1473258331
42,260,4.5,1473258165
42,165,3.5,1473258327
42,780,4.5,1473258392
42,1573,3.0,1473258409
42,318,5.0,1473258147
42,648,4.0,1473258424
42,4993,5.0,1473258228
42,110,4.0,1473258241
42,8961,4.0,1473258362
42,296,5.0,1473258343
42,527,4.5,1473258231
42,508,3.5,1473258311
42,1370,3.5,1473258346
42,40815,3.5,1473258378
42,4886,4.0,1473258318
42,480,5.0,1473258322
42,2028,4.0,1473258242
43,2690,4.0,974769370
43,3114,4.0,974768260
43,110,5.0,974767808
43,216,1.0,974770180
43,3525,3.0,974769561
43,3515,4.0,974756976
43,1380,3.0,974770180
43,2978,2.0,974770180
43,524,3.0,974767845
43,837,4.0,974769370
43,480,4.0,974767808
43,1777,3.0,974769125
43,1968,3.0,974768604
43,527,5.0,974756704
43,1907,3.0,974756766
43,70,2.0,974767953
43,1997,5.0,974770536
43,2160,1.0,974767879
43,2000,2.0,974768471
43,1958,4.0,974769253
43,2109,3.0,974770104
43,3173,3.0,974767983
43,339,4.0,974769935
43,838,4.0,974768872
43,2291,3.0,974767845
43,1580,4.0,974767917
43,608,5.0,974770589
43,2539,2.0,974769659
43,500,3.0,974769730
43,1883,3.0,974768903
43,2671,4.0,974769586
43,2770,3.0,974769963
43,2054,2.0,974770079
43,223,3.0,974768430
43,2003,2.0,974769658
43,2321,4.0,974768632
43,585,2.0,974770079
43,2144,3.0,974768999
43,104,2.0,974769666
44,135,4.0,858707310
44,802,3.0,858707310
44,805,4.0,858707310
44,637,2.0,858707310
44,104,4.0,858707248
44,648,3.0,858707138
44,780,5.0,858707138
44,260,3.0,858707247
44,95,3.0,858707138
44,788,3.0,858707248
44,141,2.0,858707138
44,5,3.0,858707194
44,62,5.0,858707138
44,494,3.0,858707194
44,786,3.0,858707194
44,6,3.0,858707194
44,628,3.0,858707310
45,899,4.0,1140202396
45,4995,2.5,1140202334
45,4235,4.0,1140202705
45,1639,3.0,1140202266
45,903,5.0,1140202299
46,4993,5.0,1366390915
46,2605,5.0,1366389699
46,2539,5.0,1366389671
46,1965,5.0,1366389759
46,73,5.0,1366389910
46,2383,5.0,1366390956
46,1359,4.5,1366389877
47,153,4.0,832228859
47,380,4.0,832228796
47,266,3.0,832229007
47,315,4.0,832229068
47,173,5.0,832229561
47,236,4.0,832229068
47,161,5.0,832228931
47,296,4.0,832228796
47,110,5.0,832228979
47,288,4.0,832228979
47,253,3.0,832228958
47,592,3.0,832228796
47,95,3.0,832229161
47,593,5.0,832229879
47,165,4.0,832228859
47,344,3.0,832228859
47,150,4.0,832228796
47,329,4.0,832228906
47,595,3.0,832228906
47,316,5.0,832228906
47,2,5.0,832229657
48,4993,4.5,1319748409
48,4973,5.0,1305605431
48,2,3.5,1322169967
48,293,5.0,1305605384
48,1997,3.5,1322167149
48,1884,4.5,1305605225
48,858,4.0,1367729182
48,59387,4.0,1322276523
48,527,4.5,1305604773
48,3114,3.5,1318797469
48,1499,2.5,1412471587
48,111,3.0,1439687078
48,48385,3.5,1319745148
48,2762,3.5,1367729581
48,41569,3.5,1322174118
48,4011,4.0,1318725545
48,778,4.5,1305605614
48,1580,3.5,1322167292
48,673,3.0,1322170930
48,2291,4.0,1322170045
48,1591,3.0,1322171839
48,30793,3.5,1319744696
48,4886,3.5,1318796382
48,5971,4.0,1305606854
48,541,4.0,1322719227
48,158,3.0,1322170542
48,480,3.5,1322167325
48,5146,4.0,1318724175
48,4995,4.0,1322168606
48,4975,3.5,1305602329
48,6373,4.0,1319744628
48,32562,4.0,1316535636
48,2617,3.5,1322167802
48,595,3.5,1322169669
48,2722,2.5,1412470814
48,296,4.5,1410971707
48,163,3.5,1322170475
48,593,3.5,1322169588
48,223,2.5,1322169932
48,1682,3.5,1322169947
48,784,2.5,1419495810
48,1485,3.5,1322170149
48,110,4.0,1319746142
48,69526,3.0,1305603095
48,288,3.5,1319744320
48,8961,3.5,1317413816
48,5618,4.5,1316394238
48,5902,4.0,1317612908
48,364,4.0,1319745852
48,648,3.5,1322169653
48,344,3.5,1322169641
48,562,3.5,1368072767
48,32031,3.0,1339446959
48,6016,4.5,1305606326
48,46976,3.0,1415388297
48,2288,3.5,1412321963
48,6283,3.5,1317277244
48,2006,3.0,1322170564
48,41769,3.0,1320505644
48,62956,3.5,1305603309
48,1921,4.0,1305604875
48,8874,4.5,1305605527
48,103299,3.5,1414561040
48,924,4.5,1425959805
48,1923,3.5,1319744666
48,1882,3.0,1322171335
48,2294,3.0,1322170922
49,2202,5.0,978041152
49,688,3.0,978040871
49,421,2.0,978039693
49,303,3.0,978040023
49,2,5.0,978040739
49,750,4.0,978041037
49,2161,4.0,978039850
49,2105,3.0,978039891
49,1375,4.0,978039922
49,592,2.0,978039693
49,3062,4.0,978041224
49,258,1.0,978040922
49,2115,5.0,978039753
49,466,4.0,978041370
49,161,4.0,978041312
49,1580,3.0,978039714
49,1376,4.0,978039795
49,897,4.0,978041189
49,2662,4.0,978041189
49,2094,2.0,978040023
49,1391,3.0,978041342
49,2088,2.0,978040828
49,329,3.0,978039850
49,524,3.0,978039301
49,1073,5.0,978039629
49,173,2.0,978040891
49,2054,2.0,978039891
49,919,5.0,978039514
49,1927,4.0,978041037
49,653,4.0,978040023
49,2817,1.0,978041398
49,590,3.0,978039629
49,976,4.0,978041189
49,2669,3.0,978041224
49,1374,3.0,978039753
49,780,4.0,978041342
49,912,5.0,978041037
50,185,3.0,847412606
50,21,3.0,847412676
50,165,4.0,847412543
50,590,3.0,847412515
50,380,3.0,847412515
50,253,3.0,847412628
50,316,3.0,847412567
50,339,4.0,847412628
50,296,4.0,847412515
50,509,3.0,847412812
50,344,2.0,847412544
50,597,3.0,847412659
50,480,4.0,847412586
50,161,4.0,847412607
50,150,3.0,847412515
50,377,3.0,847412643
50,315,3.0,847412812
50,539,3.0,847412676
50,553,3.0,847413043
50,786,3.0,847413043
50,527,4.0,847412676
50,454,3.0,847412628
50,337,3.0,847412859
50,95,3.0,847412837
50,110,4.0,847412607
50,587,3.0,847412659
50,780,4.0,847412879
51,2605,5.0,974729067
51,3175,4.0,974729067
51,2761,5.0,974729105
51,1888,3.0,974728763
51,2722,5.0,974728999
51,3543,4.0,974729032
51,1636,1.0,974728763
51,913,4.0,974729137
51,1968,4.0,974728763
51,2841,5.0,974729270
51,1959,4.0,974729199
52,866,4.0,1231767051
52,1639,1.0,1231770503
52,1088,4.0,1231766626
52,4896,5.0,1231767951
52,8983,3.5,1231769937
52,4973,5.0,1231767291
52,40815,5.0,1231766690
53,111,4.0,955192120
53,238,1.0,955192933
53,1995,2.0,955191985
53,2470,4.0,955193224
53,2762,5.0,955192739
53,968,4.0,955192636
53,1580,3.0,955193387
53,3114,1.0,955192760
53,1911,2.0,955192367
53,2761,1.0,955192571
53,1610,5.0,955193310
53,421,1.0,955192933
53,2690,4.0,955192491
53,165,4.0,955193387
53,392,1.0,955192933
53,1772,4.0,955193660
53,2912,1.0,955193387
53,1370,3.0,955193310
54,48660,1.0,1352834067
54,1088,5.0,1352836913
54,318,4.5,1352835937
54,8665,4.5,1352836376
54,1680,4.0,1352836714
55,6,5.0,855926988
55,5,3.0,855926988
55,802,3.0,855927315
55,832,5.0,855927315
55,784,3.0,855927131
55,95,3.0,855926941
55,707,2.0,855927438
55,788,5.0,855927131
55,653,4.0,855927131
55,608,3.0,855926988
55,100,3.0,855927437
55,79,3.0,855927172
55,104,5.0,855927131
55,648,5.0,855926941
55,494,3.0,855926988
55,1073,3.0,855926988
55,112,3.0,855927131
55,780,5.0,855926941
55,805,5.0,855927172
55,708,3.0,855927131
55,609,3.0,855927438
55,65,5.0,855927315
55,260,5.0,855927131
55,141,4.0,855926941
55,786,4.0,855926988
55,637,4.0,855927172
56,1380,5.0,1467004019
56,1358,4.0,1467006852
56,6016,5.0,1467002967
56,4886,4.0,1467005245
56,1089,4.0,1467003138
56,293,4.0,1467002990
56,84116,4.0,1469153655
56,1213,4.0,1467003139
56,3114,4.0,1467005380
56,101,4.0,1467007782
56,147,2.0,1467003504
56,2321,4.0,1467003359
56,216,4.0,1467004949
56,176,4.0,1467005072
56,1283,4.0,1467006781
56,6978,2.0,1470351794
56,34528,4.0,1467007629
56,318,4.0,1473803992
56,296,4.0,1467003119
56,924,2.0,1467005377
56,6003,2.0,1470350814
56,1954,4.0,1467004796
56,750,2.0,1467003164
56,916,4.0,1467006035
56,3072,4.0,1467009823
56,3034,4.0,1467693193
56,922,4.0,1467005986
56,951,4.0,1467008836
56,2925,4.0,1467006816
56,942,2.0,1470351101
56,593,5.0,1467002950
56,2000,1.0,1469031525
56,926,4.0,1470350981
56,5902,4.0,1467005692
56,1957,4.0,1467093986
56,2617,4.0,1467005498
56,1968,5.0,1467003201
56,21,2.0,1470350794
56,333,2.0,1470350811
56,4816,2.0,1470350956
56,2300,4.0,1467009172
56,7451,5.0,1467005463
56,541,4.0,1467006388
56,2144,4.0,1468471176
56,2761,4.0,1469031599
56,250,5.0,1467005164
56,1073,4.0,1467005708
56,1958,2.0,1470350850
56,8961,4.0,1467006577
56,919,5.0,1467005569
56,527,4.0,1467002940
56,2115,4.0,1467006461
56,673,2.0,1467005800
56,3089,4.0,1467006194
56,4993,4.0,1467004098
56,1682,5.0,1467003127
56,260,2.0,1470350831
56,246,5.0,1467004938
56,223,4.0,1467004879
56,6373,2.0,1467005360
56,40815,4.0,1467005282
56,480,4.0,1467004830
56,16,4.0,1467004892
56,1923,4.0,1467006553
56,342,2.0,1467004922
56,2042,2.0,1470350841
56,8914,2.0,1469228080
56,337,4.0,1468471074
56,8874,5.0,1467003155
56,4896,4.0,1467005287
56,33660,4.0,1467003331
56,441,4.0,1469033808
56,8665,4.0,1467006393
56,923,4.0,1467005564
56,2028,5.0,1467002969
56,586,4.0,1467008357
56,3086,4.0,1467007108
56,778,4.0,1467005324
56,111,4.0,1467005298
56,2005,4.0,1467005771
56,2502,4.0,1467006343
56,3079,4.0,1474815098
56,1907,4.0,1467005607
56,2006,4.0,1467094778
56,4973,5.0,1467002978
56,104,4.0,1467005618
56,377,4.0,1473801974
57,1957,5.0,907764431
57,1997,4.0,907765978
57,800,5.0,907762733
57,1278,5.0,907765902
57,497,5.0,907763018
57,1091,2.0,907765142
57,914,5.0,907765600
57,1918,3.0,907761919
57,527,5.0,907762409
57,1073,4.0,907766060
57,1408,4.0,907763283
57,1968,4.0,907764431
57,337,5.0,907763101
57,2003,3.0,907765223
57,2302,5.0,907762969
57,1641,5.0,907763065
57,1909,2.0,907762795
57,293,5.0,907763847
57,1994,4.0,907764671
57,648,3.0,907762795
57,2000,5.0,907764625
57,858,5.0,907765902
57,1719,5.0,907762409
57,1958,4.0,907764779
57,1394,5.0,907764625
57,2193,5.0,907764431
57,2163,2.0,907765363
57,635,5.0,907763101
57,1092,2.0,907762832
57,2005,3.0,907764935
57,11,5.0,907763065
57,380,4.0,907763283
57,509,5.0,907763283
57,2288,4.0,907764389
57,608,5.0,907762501
57,110,5.0,907762500
57,2161,3.0,907764470
57,2028,5.0,907761833
57,468,4.0,907763141
57,1589,5.0,907762832
57,590,5.0,907762565
57,2006,5.0,907761877
57,2088,2.0,907765363
57,1597,4.0,907762832
57,1995,3.0,907765223
57,260,4.0,907765902
57,265,5.0,907763245
57,2115,4.0,907765008
57,1645,4.0,907762795
57,2114,5.0,907764584
57,2300,3.0,907765600
57,2110,4.0,907765008
57,1955,4.0,907766022
57,1956,4.0,907764507
57,2144,3.0,907764544
57,1923,5.0,907761833
57,2122,1.0,907765461
57,2100,4.0,907764625
57,2109,4.0,907765978
57,1088,4.0,907764935
57,1954,4.0,907765939
57,1978,1.0,907765329
57,1358,5.0,907762565
57,164,3.0,907762733
57,2118,2.0,907764584
57,1380,4.0,907765656
57,2097,3.0,907765278
57,2020,5.0,907764544
57,592,3.0,907764831
57,2291,4.0,907763245
57,163,4.0,907763847
57,1996,2.0,907765329
57,1892,5.0,907762795
57,2111,3.0,907765278
57,1587,3.0,907765059
57,318,5.0,907762409
57,2054,3.0,907765191
57,21,4.0,907763141
58,2163,4.0,961128269
58,19,1.0,961127638
58,965,5.0,961127557
58,1367,4.0,961127480
58,1499,1.0,961128020
58,1927,5.0,961127868
58,2124,3.0,961127690
58,909,2.0,961128124
58,344,1.0,961127638
58,924,5.0,961127522
58,2817,2.0,961127638
58,415,2.0,961128086
58,2202,5.0,961127256
58,11,5.0,961127960
58,2788,5.0,961128020
58,2085,3.0,961127480
58,150,5.0,961128124
58,2133,4.0,961127690
58,940,2.0,961127724
58,616,4.0,961128178
59,745,5.0,1144756328
59,2105,1.0,1144756192
59,2193,0.5,1144756181
59,150,4.0,1144756061
59,1213,3.5,1144755855
59,11,2.5,1144755845
59,1923,3.0,1144755873
59,527,4.5,1144756394
59,1722,1.5,1144756203
59,296,4.0,1144756366
59,1968,2.5,1144756199
59,2302,3.5,1144756175
59,380,0.5,1144756048
59,858,5.0,1144756296
59,2028,1.5,1144756004
59,586,0.5,1144756031
59,2161,0.5,1144756188
59,2470,0.5,1144756164
59,223,3.5,1144755802
59,2640,1.0,1144756153
59,541,5.0,1144756037
59,2617,4.0,1144756157
59,593,3.5,1144756398
59,2671,1.5,1144756141
59,318,2.5,1144756299
59,111,2.5,1144755826
59,912,4.0,1144755799
59,590,3.5,1144756028
59,919,1.5,1144755833
59,8961,5.0,1144756336
59,480,4.5,1144756044
59,4993,4.5,1144755863
60,653,2.5,1125828818
60,1380,1.5,1125828900
60,4973,4.5,1125829233
60,5618,4.0,1125829190
60,1090,4.0,1125828893
60,858,5.0,1125829174
60,2640,4.0,1125828876
60,541,5.0,1125829154
60,1485,2.5,1125828872
60,173,3.5,1125828860
60,235,5.0,1125829070
60,608,4.0,1125829157
60,745,3.5,1125829207
60,2115,3.5,1125828850
60,466,4.0,1125828890
60,21,3.0,1125829035
60,8981,5.0,1125829091
60,163,4.0,1125828888
60,111,4.5,1125829229
60,1653,5.0,1125828865
60,16,4.5,1125828814
61,6373,3.5,1216051752
61,2054,2.5,1216051756
61,2300,5.0,1216487561
61,592,5.0,1216050426
61,1059,3.0,1216486917
61,2085,2.5,1216487259
61,586,3.0,1216050910
61,661,2.5,1216487081
61,2087,3.0,1216487390
61,595,2.5,1216050607
61,1777,2.0,1216052066
61,33660,2.0,1217176162
61,2761,3.0,1216487170
61,2144,3.0,1216486970
61,4896,3.0,1216050661
61,585,3.5,1216487185
61,616,1.5,1216050050
61,4993,5.0,1217175635
61,2161,2.0,1216486558
61,919,3.0,1216050981
61,4886,3.0,1216050489
61,7451,4.0,1216487206
61,587,5.0,1216050728
61,46976,3.5,1216051666
61,1073,2.0,1216050704
61,1907,4.0,1216487286
61,673,2.0,1216487462
61,364,3.5,1216050872
61,801,2.5,1216050212
61,8961,4.0,1216050419
61,2502,5.0,1216050948
61,40815,4.0,1216050749
61,8970,2.5,1217176199
61,158,1.5,1216486613
61,2123,2.5,1216050185
61,5693,3.5,1216050163
61,1968,5.0,1216050874
61,1580,3.5,1216050812
61,3114,1.0,1216050711
61,2,3.5,1216051639
61,5971,5.0,1217175952
61,593,3.0,1217176111
61,30793,1.5,1216051039
61,500,4.0,1216050755
61,4025,2.5,1217175695
61,1954,2.0,1216051712
61,2018,2.5,1216487345
61,594,3.5,1216051901
61,104,4.0,1216051937
61,4232,3.5,1217175825
61,596,2.0,1216486577
61,1367,2.5,1216487574
61,5481,1.5,1216052029
61,5618,5.0,1216051166
61,1380,3.5,1216051765
61,551,1.5,1216052048
62,6016,4.0,1451708492
62,8665,4.5,1449594323
62,120637,1.5,1465535480
62,318,3.5,1451359418
62,260,4.0,1451176940
62,111,4.0,1451708754
62,2028,4.5,1451359280
63,318,5.0,1079098244
63,480,4.5,1078570695
63,1573,4.0,1078570732
63,2762,3.0,1079098192
63,593,4.5,1079098263
63,832,2.5,1075307060
63,380,3.5,1079098188
63,315,1.0,1075307064
63,2302,2.0,1078570716
63,246,0.5,1075307056
63,3114,5.0,1078570660
63,2640,4.5,1078570740
63,1059,4.0,1076324042
63,2046,4.5,1079098294
63,1641,3.0,1078570723
63,1408,4.5,1079098267
63,1374,4.0,1075307043
63,1376,3.5,1079098265
63,1954,4.5,1078570736
63,2116,2.5,1079098501
63,11,3.5,1079098249
63,150,4.0,1079098211
63,3176,5.0,1079098196
63,592,5.0,1079098217
63,4993,5.0,1079098495
63,1610,4.5,1079098253
63,1639,5.0,1078570730
63,260,5.0,1078570677
63,16,5.0,1075307025
63,112,3.0,1075307039
64,153,5.0,843159716
64,168,3.0,843159967
64,296,5.0,843159644
64,380,4.0,843159645
64,592,4.0,843159644
64,593,5.0,843159770
64,150,3.0,843159644
64,110,4.0,843159967
64,595,3.0,843159967
64,590,5.0,843159644
64,266,5.0,843159967
64,165,3.0,843159716
64,344,2.0,843159716
64,329,4.0,843159770
64,318,5.0,843159871
64,253,5.0,843159967
65,858,5.0,945149894
65,2064,5.0,945150395
65,2289,4.0,945150395
65,1278,5.0,945150424
65,1956,3.0,945149834
65,909,5.0,945150424
65,924,4.0,945150571
65,260,4.0,945118587
66,593,4.0,974599725
66,21,4.0,974600703
66,377,4.0,974599725
66,105,2.0,974597659
66,1580,3.0,974600572
66,1092,4.0,974599834
66,3763,5.0,974600626
66,22,2.0,974599486
66,1954,5.0,974600600
66,2058,4.0,974599923
66,1573,3.0,974599861
66,260,5.0,974600461
66,858,5.0,974600461
66,110,4.0,974600526
66,608,4.0,974599074
66,832,4.0,974599923
66,2000,5.0,974600491
66,2605,4.0,974599597
66,480,5.0,974600656
67,16,4.0,854713177
67,277,4.0,854714200
67,314,5.0,854714201
67,316,3.0,854713245
67,337,4.0,854714201
67,648,3.0,854711771
67,595,4.0,854714421
67,709,4.0,854715869
67,28,5.0,854714394
67,279,5.0,854714227
67,280,5.0,854714471
67,708,3.0,854711830
67,288,4.0,854713176
67,12,3.0,854711916
67,597,5.0,854715870
67,294,3.0,854714394
67,452,5.0,854714498
67,711,3.0,854711916
67,531,5.0,854713177
67,553,4.0,854714201
67,788,3.0,854711830
67,628,3.0,854711862
67,650,5.0,854712060
67,664,3.0,854712785
67,694,3.0,854711978
67,524,3.0,854714302
67,1073,4.0,854711804
67,318,5.0,854713313
67,613,4.0,854712026
67,631,3.0,854711941
67,541,4.0,854714282
67,293,4.0,854713245
67,431,4.0,854713245
67,475,5.0,854714227
67,784,3.0,854711830
67,586,4.0,854713176
67,590,5.0,854713175
67,110,5.0,854713313
67,62,3.0,854711772
67,653,3.0,854711830
67,107,3.0,854711884
67,141,1.0,854711771
67,707,4.0,854711916
67,238,3.0,854715870
67,95,1.0,854711771
67,266,3.0,854713176
67,609,3.0,854711916
67,454,2.0,854714246
67,849,3.0,854712006
67,616,4.0,854714201
67,260,4.0,854711862
67,265,5.0,854713313
67,592,3.0,854715905
67,593,5.0,854714246
67,493,4.0,854714246
67,780,4.0,854711770
67,88,3.0,854711958
67,637,3.0,854711862
67,112,3.0,854711804
67,104,3.0,854711830
67,296,5.0,854714282
67,198,4.0,854714394
67,587,3.0,854714282
67,509,5.0,854713245
67,364,5.0,854715906
67,480,5.0,854713313
67,6,5.0,854711804
67,18,4.0,854711941
68,380,4.0,1194741556
68,6373,3.0,1249807928
68,3072,3.5,1194740954
68,1959,4.5,1219474934
68,4993,5.0,1194741498
68,590,3.5,1194741795
68,778,2.5,1249807905
68,597,3.0,1249809470
68,260,3.0,1219476836
68,934,3.5,1194741234
68,1580,4.0,1194743774
68,586,3.5,1219477374
68,541,3.5,1194741800
68,30707,2.5,1219474832
68,318,4.0,1219476825
68,4886,3.5,1194741657
68,500,4.0,1194741805
68,4995,4.0,1219474681
68,2762,4.0,1194742454
68,2779,3.5,1249808373
68,2469,3.5,1194741217
68,912,4.0,1249807876
68,31374,4.0,1292732192
68,539,3.5,1219477297
68,46976,3.5,1194744213
68,150,4.0,1194743603
68,2,3.0,1249809905
68,468,3.0,1194740982
68,1923,4.0,1194741764
68,592,3.5,1194741615
68,1073,3.0,1194743811
68,527,3.5,1194741627
68,480,4.0,1219476819
68,914,4.0,1219474844
68,454,4.0,1249807893
68,587,4.0,1194743787
68,780,3.5,1249809424
68,1376,4.0,1249809645
68,31685,4.0,1194744606
68,11,3.5,1249808221
68,1278,4.0,1202605808
68,8961,4.0,1194742060
69,2028,4.5,1366831268
69,2321,4.0,1366831968
69,3114,5.0,1366831681
69,364,5.0,1366831266
69,5,5.0,1366831985
69,318,5.0,1366830848
69,2054,2.5,1366831811
69,2302,4.5,1366831892
69,158,3.0,1366831962
69,1954,3.5,1366831929
69,344,4.0,1366831253
69,586,4.5,1366831610
69,296,3.5,1366831100
69,2059,3.5,1348153818
69,19,4.0,1366831735
69,1682,5.0,1366831673
69,527,5.0,1366830854
69,934,5.0,1348153757
69,8961,4.0,1366831801
69,4254,3.5,1348153974
69,1968,4.5,1366831711
69,262,4.0,1348153664
69,1073,4.5,1366831595
69,4886,5.0,1366831687
69,919,4.5,1366831679
69,500,3.5,1366831290
69,587,5.0,1366831598
69,104,4.0,1366831788
69,596,3.0,1366831955
69,4993,5.0,1366831289
69,4896,4.5,1366831855
69,2,3.5,1366831701
69,595,4.0,1366831275
69,597,4.5,1366831566
69,788,2.0,1366831769
70,5,5.0,853954323
70,112,5.0,853954323
70,141,5.0,853954235
70,609,5.0,853954656
70,786,5.0,853954401
70,1073,5.0,853954401
70,14,3.0,853954402
70,62,5.0,853954235
70,637,3.0,853954485
70,891,4.0,853954893
70,104,3.0,853954401
70,704,4.0,853954893
70,745,4.0,853954813
70,762,4.0,853954485
70,608,5.0,853954322
70,839,5.0,853954813
70,802,5.0,853954577
70,1367,5.0,853955020
70,707,5.0,853954656
70,12,3.0,853954577
70,95,5.0,853954235
70,135,4.0,853954485
70,26,5.0,853954729
70,667,5.0,853954729
70,711,4.0,853954656
70,648,3.0,853954235
70,63,4.0,853954893
70,671,3.0,853954729
70,708,5.0,853954401
70,805,5.0,853954577
70,100,4.0,853954577
70,628,5.0,853954485
70,613,5.0,853955020
70,661,5.0,853954485
70,1059,5.0,853955020
70,631,5.0,853954656
70,640,3.0,853954656
70,494,3.0,853954323
70,880,4.0,853955020
70,76,4.0,853954729
70,65,3.0,853954577
70,88,3.0,853954814
70,79,4.0,853954485
70,788,5.0,853954401
70,832,5.0,853954656
70,107,5.0,853954577
70,780,4.0,853954234
70,81,4.0,853954893
70,849,5.0,853955020
70,694,5.0,853954893
70,784,3.0,853954402
70,653,5.0,853954402
70,673,3.0,853954814
71,1957,4.0,974659023
71,581,4.0,974659023
72,110,3.5,1461784365
72,912,3.5,1461784591
72,4011,3.5,1461783923
72,593,3.5,1461778557
72,296,4.0,1461778730
72,2028,3.5,1461784345
72,4025,1.5,1461784048
72,4886,3.0,1461783845
72,1682,3.5,1461784424
72,608,4.0,1461784432
72,541,4.0,1461784459
72,924,4.0,1461784596
72,480,3.0,1461778746
72,2006,2.5,1461778617
72,318,4.0,1461778524
72,4973,3.5,1461783841
72,3114,3.0,1461784599
72,4993,3.0,1461778717
72,2762,4.0,1461784405
72,48385,3.0,1461784585
72,778,4.0,1461784481
72,858,4.5,1461778530
72,31696,3.0,1461784763
72,150,3.5,1461784569
72,53000,3.5,1464723971
72,527,4.0,1461778534
72,1213,4.0,1461778560
72,260,3.0,1461778719
72,8874,3.0,1461783972
72,4995,3.5,1461783881
72,8961,2.0,1461783887
72,2,2.5,1461784724
73,2028,4.5,1255844560
73,880,2.5,1255849976
73,79008,4.5,1280207089
73,1882,1.0,1255849486
73,2605,2.0,1256030461
73,1779,3.0,1257239744
73,74948,4.0,1288782501
73,64900,4.0,1435472671
73,65,2.0,1255587668
73,2470,3.0,1474615000
73,849,3.5,1255500962
73,8854,3.5,1441522129
73,110,4.0,1255508598
73,435,2.5,1304412304
73,1911,3.0,1411355597
73,493,4.0,1255503176
73,431,3.5,1255502945
73,2294,3.5,1255502070
73,2617,3.5,1464751460
73,62394,1.0,1256559067
73,1792,2.5,1255596509
73,95963,3.5,1398570066
73,8810,2.0,1255843862
73,8340,4.5,1406172202
73,3426,3.5,1255742725
73,63,3.5,1304411684
73,2115,5.0,1306826405
73,40732,4.0,1348567955
73,2428,2.0,1255850016
73,380,3.0,1255594331
73,1213,5.0,1306826464
73,507,3.5,1470896986
73,2087,3.5,1255844937
73,42011,3.0,1255844003
73,2288,4.0,1255502833
73,1965,3.5,1431232609
73,2006,3.0,1437103998
73,4488,3.5,1370057531
73,26603,3.5,1469772963
73,26606,4.0,1432788454
73,2134,4.0,1261656604
73,26842,4.0,1427170496
73,27793,2.0,1255589041
73,31225,3.5,1255844160
73,1282,4.0,1255606220
73,8859,0.5,1255588886
73,26258,4.5,1398568001
73,42725,3.5,1454043394
73,595,4.5,1303464866
73,253,3.5,1255506785
73,2054,3.5,1255608711
73,34530,2.0,1255506326
73,260,4.5,1255508202
73,2687,4.0,1279948065
73,173,3.0,1255587153
73,2148,3.5,1255844084
73,267,3.0,1304411765
73,1884,3.5,1255594560
73,653,2.5,1256030164
73,55207,4.0,1457598523
73,2321,3.0,1256030202
73,177,3.0,1470720332
73,2360,4.0,1430034069
73,2058,2.5,1304412471
73,62956,3.5,1255504546
73,59387,3.5,1255606270
73,4105,4.0,1268808234
73,7454,1.5,1255743175
73,694,3.0,1470720292
73,968,4.0,1255607784
73,1396,4.0,1319337546
73,1405,3.5,1255500918
73,858,5.0,1255584436
73,337,3.5,1285414310
73,482,4.0,1429168457
73,5618,4.0,1348568766
73,150,3.5,1286701620
73,2762,4.0,1255508479
73,2000,4.0,1255608727
73,704,3.0,1470720380
73,5481,2.0,1255849610
73,1367,2.5,1470719755
73,596,3.5,1255844932
73,165,3.5,1255608532
73,4974,3.0,1255844032
73,4823,3.0,1255844809
73,4816,2.0,1255594188
73,1380,4.0,1255594430
73,168,2.5,1256018505
73,53000,3.5,1255591698
73,15,2.5,1255593501
73,46976,4.0,1418784900
73,98,3.0,1406172306
73,5991,1.5,1255608120
73,45186,2.5,1257229414
73,1591,3.0,1256028479
73,318,5.0,1255502795
73,153,1.0,1281668214
73,8961,3.0,1255597036
73,8914,3.0,1296460230
73,1954,4.5,1255506671
73,8665,3.0,1256017177
73,327,2.5,1255849588
73,8984,2.5,1255742417
73,338,3.0,1255593485
73,31685,3.0,1255596758
73,31696,3.0,1255595655
73,919,4.0,1315979781
73,553,4.0,1311651342
73,6947,3.0,1441513227
73,631,3.0,1470720316
73,778,5.0,1255862403
73,2123,4.0,1406171334
73,6593,0.5,1256029804
73,6440,4.0,1411451683
73,1968,4.5,1331019382
73,6016,5.0,1255503493
73,4553,4.5,1441514881
73,1090,5.0,1255506732
73,40815,3.5,1312496387
73,1994,4.0,1464751442
73,239,3.0,1437711199
73,409,2.5,1255501745
73,502,3.0,1470720213
73,3573,0.5,1255588774
73,3574,0.5,1255588780
73,258,2.0,1470720392
73,4415,3.5,1255506563
73,112,3.5,1348568488
73,4614,3.5,1427170442
73,4989,3.0,1255504768
73,5055,3.0,1255742674
73,5165,4.0,1441514214
73,1359,2.0,1470720209
73,4437,3.5,1457597545
73,1377,3.5,1281668223
73,5205,3.5,1448953334
73,522,3.0,1255850852
73,2193,4.0,1259037014
73,2021,3.5,1411452543
73,5955,3.5,1279948760
73,2033,3.5,1303464933
73,1587,4.0,1287294418
73,235,4.0,1255508717
73,7007,4.0,1429168553
73,2722,2.5,1472698650
73,1580,3.0,1255607723
73,7984,3.5,1448953187
73,1374,4.0,1350192487
73,3036,4.0,1296730204
73,3033,3.5,1255596722
73,2018,4.5,1255584964
73,1089,3.5,1255844891
73,185,2.5,1256030057
73,4232,0.5,1255596198
73,594,3.5,1255844780
73,510,0.5,1255593983
73,2003,4.5,1262056348
73,147,4.5,1283940446
73,940,4.5,1255501801
73,575,3.5,1255596533
73,2841,4.0,1314942833
73,742,2.5,1470720372
73,1049,3.5,1255743474
73,1599,1.0,1255589046
73,2671,3.0,1437709506
73,2142,3.5,1261656636
73,223,4.5,1411810971
73,3173,2.5,1255845250
73,2164,1.0,1255589018
73,541,4.5,1255508022
73,2860,3.0,1348568560
73,2105,3.0,1255500870
73,3681,4.5,1470896634
73,3082,2.5,1255500985
73,2900,3.0,1464508137
73,5146,4.0,1262569280
73,1245,4.0,1260977284
73,2924,4.5,1427170200
73,2005,5.0,1306826463
73,5902,4.0,1338530999
73,247,4.0,1378180010
73,1391,3.0,1255591429
73,2289,4.0,1267705538
73,172,3.5,1255503714
73,585,2.5,1470719734
73,288,3.5,1255844977
73,3175,2.5,1255608868
73,2023,2.5,1255595957
73,216,4.0,1304411592
73,2161,3.5,1261656735
73,1370,3.0,1255502875
73,2770,3.0,1255591390
73,8874,4.0,1348568180
73,377,3.0,1256030041
73,4025,2.5,1256030443
73,2291,3.5,1255593907
73,3101,3.5,1256018249
73,832,2.5,1256030174
73,4011,4.5,1255508282
73,6,4.5,1337593559
73,316,3.0,1256029728
73,41569,2.5,1257228521
73,2502,4.5,1255508410
73,4993,5.0,1306826438
73,1777,3.0,1256030295
73,1573,3.5,1331374345
73,101,3.5,1312496282
73,4886,3.0,1255608487
73,497,3.5,1255845005
73,6373,2.5,1255591371
73,16,4.0,1255508530
73,21,3.5,1255597031
73,19,1.5,1255501766
73,1059,3.5,1255609078
73,3034,4.5,1303464905
73,1358,4.0,1275964521
73,551,3.5,1255844972
73,104,2.5,1255843848
73,590,4.5,1255594321
73,784,1.0,1255591836
73,2528,3.5,1406171915
73,4896,3.0,1312496381
73,788,2.5,1255606772
73,500,3.5,1272354528
73,246,4.5,1255585670
73,780,3.5,1457596624
73,608,4.0,1255502799
73,193,3.0,1266049987
73,1093,2.0,1255595979
73,2,2.5,1255595527
73,180,3.5,1255593273
73,1997,4.0,1255502851
73,4975,3.5,1272354473
73,30707,4.5,1422335423
73,1584,3.0,1460517728
73,175,4.5,1255850905
73,909,4.0,1255608074
73,593,4.5,1281307627
73,2302,3.0,1255844988
73,48385,3.5,1255506853
73,2460,3.0,1441522359
73,1909,3.5,1437709512
73,296,5.0,1255502790
73,145,3.0,1255596442
73,293,5.0,1306826434
73,3114,4.0,1274265884
73,1645,3.0,1255609000
73,597,3.0,1256030046
73,3016,4.0,1437710007
73,441,3.5,1255508982
73,2124,3.5,1255506668
73,3019,4.0,1475124698
73,1653,3.5,1295875283
73,673,3.0,1255506758
73,70,3.5,1255596154
73,480,4.0,1255503366
73,466,2.5,1304411724
73,333,2.0,1255609029
73,924,1.5,1255501638
73,163,3.5,1255505013
73,233,4.0,1406171065
73,198,4.0,1406171781
73,1923,3.0,1255591350
73,169,0.5,1255587428
73,786,2.0,1398568202
73,802,3.0,1418785517
73,266,4.0,1398568231
73,2140,4.0,1456038593
73,508,4.0,1261572653
73,7090,4.0,1337594037
73,2144,4.5,1364100089
73,1597,3.5,1255596053
73,1499,2.0,1255502015
73,1552,2.5,1255597293
73,4995,4.5,1255595932
73,1639,3.5,1311319246
73,745,4.0,1255588345
73,111,3.5,1255502716
73,648,3.0,1255845002
73,344,2.0,1255501759
73,319,4.0,1260597912
73,527,5.0,1255844407
73,364,5.0,1303464829
73,1682,4.5,1255509032
73,2657,2.0,1256944354
73,2761,2.5,1257229357
73,628,4.5,1314943073
73,158,2.0,1255608880
73,1408,3.0,1398567944
73,322,4.5,1311319243
73,107,3.0,1255742407
73,708,2.5,1256018210
73,592,4.0,1255504505
73,586,3.5,1255608112
73,1394,4.0,1296730230
73,1644,1.5,1255849480
73,1485,3.5,1304411853
74,16,3.0,942705457
74,1918,5.0,942703038
74,1954,3.0,942705496
74,912,5.0,942705568
74,1722,5.0,942704332
74,110,5.0,942705318
74,527,5.0,942705304
74,592,5.0,942703172
74,1059,4.0,942703337
74,1377,4.0,942703172
74,153,4.0,942703172
74,2028,5.0,942703474
74,2000,4.0,942703038
74,1584,5.0,942705533
74,104,4.0,942703730
74,2640,3.0,942705648
74,2762,4.0,942703538
74,260,5.0,942705457
75,1672,4.0,1143048056
75,899,3.0,1143048856
75,786,1.0,1143047463
75,4975,4.5,1143048659
75,923,4.5,1143049074
75,480,3.0,1143047880
75,858,1.0,1143048947
75,316,2.0,1165607377
75,1994,3.0,1143047921
75,318,4.0,1165597501
75,2502,4.0,1143049615
75,42002,4.0,1165596874
75,2176,4.0,1165607636
75,541,4.0,1143048797
75,1584,4.0,1143047448
75,955,4.0,1165607773
75,1580,2.5,1143049592
75,800,3.0,1143048961
75,2003,3.0,1143048053
75,2300,4.0,1165596884
75,708,4.0,1143047668
75,2005,3.5,1143048090
75,379,0.5,1165607346
75,161,4.0,1143049641
75,2161,4.5,1143048175
75,880,1.0,1165596837
75,2371,3.0,1143048520
75,4973,4.0,1143048866
75,3087,3.5,1143047896
75,1358,0.5,1165607144
75,377,4.0,1143049541
75,4993,4.5,1143048707
75,2302,4.0,1143047960
75,527,4.0,1143048687
75,253,4.5,1143048074
75,2134,3.0,1143048070
75,260,4.5,1143049571
75,592,1.0,1143047916
75,1278,4.0,1165596933
75,1376,0.5,1143048164
75,2115,3.0,1143047997
75,509,0.5,1143047478
75,3033,4.0,1143048267
75,2841,4.5,1165596737
76,2087,3.5,1194384353
76,954,4.0,1194384386
76,531,3.0,1194384313
76,303,3.0,1194384318
76,2020,4.5,1194384299
77,1610,4.0,1163082518
77,2275,4.5,1163259483
77,839,3.0,1163219390
77,648,2.5,1163013368
77,111,4.0,1183920234
77,1282,4.5,1163004479
77,364,3.0,1163125780
77,3396,4.0,1166027886
77,541,2.0,1163013198
77,1552,3.5,1163286102
77,8961,4.0,1163125836
77,2762,4.0,1163253062
77,318,4.0,1163006037
77,5618,4.0,1163005522
77,76,3.5,1163219726
77,4011,4.5,1163004631
77,2291,3.5,1163005107
77,40732,2.5,1163005991
77,8874,4.5,1163259824
77,329,2.0,1163253047
77,2502,4.5,1163005196
77,480,3.0,1163006020
77,161,2.0,1183844506
77,2115,4.0,1163915709
77,47423,0.5,1163005434
77,924,3.5,1183920326
77,70,3.5,1163004464
77,163,3.0,1163286142
77,1779,2.5,1163219656
77,1653,3.5,1163277597
77,110,3.5,1163013335
77,1968,3.0,1183920347
77,293,4.0,1163012798
77,597,2.5,1163253037
77,316,4.0,1163082508
77,8665,4.0,1183844557
77,587,2.5,1163252886
77,2140,4.5,1166027880
77,377,2.5,1163013353
77,339,2.5,1163253104
77,1682,3.5,1163915779
77,344,3.0,1163082485
77,1772,2.5,1163269736
77,3114,3.5,1163082621
77,750,4.5,1163004390
77,253,2.5,1163259531
77,1591,2.5,1163219409
77,919,4.5,1163004359
77,165,2.5,1163082488
77,288,3.5,1163253117
77,173,2.5,1163219428
77,1923,2.0,1163252812
77,1380,3.0,1163252892
77,551,4.5,1163005103
77,593,3.0,1163013328
77,2105,4.0,1163277609
77,1278,3.5,1163079424
77,2671,2.5,1163252918
77,4993,3.0,1183844467
77,2788,4.0,1163219953
77,185,2.0,1163253082
77,3418,0.5,1183920246
77,2021,3.5,1163004544
77,296,3.5,1163012801
77,2005,4.0,1163082649
77,223,4.5,1163004353
77,6,3.5,1163252774
77,260,4.0,1163006051
77,608,2.0,1183844492
77,595,3.5,1163253015
77,745,3.0,1183512477
77,62,3.5,1163252918
77,380,2.5,1163013344
77,2528,3.5,1163277646
77,2640,3.5,1163219366
77,3033,4.0,1163004499
77,141,3.0,1163253085
77,849,2.5,1163277702
77,4896,3.0,1163125785
77,1073,4.0,1163079436
77,2000,3.5,1183920251
77,95,1.5,1163253105
77,586,1.5,1183920099
77,592,3.5,1163006012
77,780,3.5,1163005369
77,1584,1.5,1183920103
77,590,3.0,1163013339
77,2321,4.0,1163738014
77,4499,4.5,1163633273
77,2054,2.5,1163915788
77,500,3.0,1183920204
77,3175,3.5,1183920264
77,1580,3.5,1163253071
77,4886,4.0,1163082640
78,172,5.0,1274046007
78,1213,4.5,1274050993
78,1997,4.0,1344470116
78,788,3.5,1327289197
78,480,3.5,1274050750
78,110,1.5,1274050758
78,1586,3.5,1274046079
78,8874,4.0,1344469894
78,316,4.0,1274050827
78,193,5.0,1344470407
78,16,5.0,1344470037
78,150,3.5,1327289203
78,8665,5.0,1274051848
78,377,4.5,1274050797
78,1089,1.0,1274050989
78,1371,4.0,1344470332
78,364,3.5,1274050816
78,2,3.5,1274051069
78,318,5.0,1274050752
78,919,3.5,1274051063
78,1376,3.0,1274045997
78,40815,3.5,1274051816
78,2657,2.0,1274046002
78,1374,4.0,1344470035
78,1923,1.5,1274050974
78,1682,3.5,1274051084
78,1584,5.0,1274051255
78,648,5.0,1274050801
78,345,4.5,1327288678
78,253,5.0,1274050895
78,223,4.5,1274051011
78,1375,5.0,1327289353
78,2334,5.0,1328046149
78,1680,5.0,1356219742
78,4025,5.0,1327288563
78,141,4.0,1274050945
78,508,4.0,1328636541
78,4974,5.0,1333307847
78,780,4.0,1274050766
78,296,4.5,1274050741
78,4896,2.5,1274051757
78,4973,5.0,1327063019
78,2617,5.0,1327289320
78,3418,5.0,1327288622
78,4993,4.5,1274050863
78,5693,4.0,1274046191
78,1644,4.5,1327288610
78,500,4.0,1274050831
78,1610,5.0,1274051089
78,1580,2.5,1344469730
78,185,4.5,1274050942
78,593,4.5,1274050748
78,3082,4.5,1344470341
78,1059,4.5,1274046035
78,4995,4.5,1274051748
78,1552,4.0,1344470497
78,778,4.5,1274051080
78,2297,4.0,1274046142
78,1722,4.5,1344470107
78,6552,4.0,1346672082
78,4011,5.0,1274051829
78,329,5.0,1274050869
78,3077,5.0,1344470523
78,1968,5.0,1274051253
78,2028,2.5,1274050826
78,924,2.0,1274051008
78,111,3.5,1274050991
78,6016,5.0,1327062972
78,858,4.5,1327288505
78,260,5.0,1274050755
78,26712,5.0,1344518298
78,2107,3.0,1344470388
78,540,4.0,1344470455
79,468,0.5,1182555848
79,1580,3.0,1182994786
79,480,3.0,1182994616
79,648,2.5,1182994732
79,778,3.0,1182994965
79,587,2.5,1182994781
79,2,2.5,1182994926
79,260,3.0,1182994622
79,344,2.0,1182994728
79,2640,2.5,1182995057
79,4993,3.0,1182994849
79,924,2.0,1182994899
79,32031,3.5,1182556308
79,592,2.5,1182994627
79,780,2.5,1182994653
79,150,2.5,1182994636
79,4886,3.0,1182995029
80,661,4.0,844860198
80,6,4.0,844860041
80,616,4.0,844860085
80,608,5.0,844860062
80,802,3.0,844860198
80,16,5.0,844860062
80,105,3.0,844860062
80,805,4.0,844860266
80,783,5.0,844860173
80,780,4.0,844860041
80,778,5.0,844860215
80,20,1.0,844860151
80,95,2.0,844860022
80,93,1.0,844860173
80,112,4.0,844860085
80,156,5.0,844861440
80,800,5.0,844861413
80,671,4.0,844860496
80,745,5.0,844861413
80,141,3.0,844860022
80,21,4.0,844860003
80,89,3.0,844860250
80,762,2.0,844860250
80,2,2.0,844860022
80,73,5.0,844860517
80,100,2.0,844860266
81,6643,4.0,1307171752
81,1921,4.0,1307180647
81,111,4.0,1307172367
81,154,4.0,1307169402
81,509,3.0,1307173089
81,26258,5.0,1307171878
81,4437,4.0,1307173092
81,922,5.0,1307180667
81,872,5.0,1307172386
81,5971,4.5,1307172197
81,1913,3.0,1307178387
81,750,4.0,1307171452
81,306,4.0,1307174799
81,1213,3.0,1307178374
81,668,5.0,1307174641
81,8327,4.0,1307179983
81,8367,4.0,1307173075
81,26326,4.5,1307180746
81,924,4.0,1307171594
81,26578,5.0,1307172863
81,31930,4.0,1307180362
81,8983,4.0,1307180990
81,5618,4.0,1307172369
81,1719,4.5,1307172493
81,318,3.0,1307171149
81,549,4.5,1307172985
81,6440,4.5,1307180639
81,903,4.0,1307172383
81,3083,4.0,1307169335
81,899,3.5,1307169236
81,910,5.0,1307178610
81,4271,5.0,1307174778
82,110,5.0,835973458
82,153,3.0,835973398
82,339,4.0,835973431
82,266,4.0,835973504
82,316,2.0,835973419
82,454,3.0,835973488
82,344,3.0,835973398
82,592,3.0,835973379
82,165,3.0,835973398
82,329,2.0,835973418
82,150,4.0,835973379
82,595,5.0,835973419
82,253,5.0,835973445
82,318,5.0,835973419
82,288,3.0,835973458
82,296,5.0,835973380
82,380,3.0,835973380
82,21,3.0,835973471
82,435,3.0,835973504
82,590,4.0,835973379
82,364,4.0,835973488
82,593,4.0,835973430
83,101,3.5,1156206709
83,377,2.5,1156205254
83,1394,5.0,1156206678
83,480,3.5,1156205241
83,4558,3.5,1156205736
83,923,4.5,1156205382
83,778,4.0,1156206735
83,224,4.0,1156205399
83,2502,5.0,1156205066
83,532,3.5,1156205647
83,1639,4.5,1156207452
83,3114,4.0,1156205304
83,3176,4.5,1156205298
83,2291,5.0,1156207407
83,3396,4.0,1156206211
83,4025,3.5,1156205468
83,2300,4.0,1156206206
83,1923,2.0,1156206976
83,608,4.5,1156206584
83,1358,0.5,1156205108
83,6373,3.5,1156205432
83,1278,5.0,1156205116
83,3087,3.5,1156205522
83,141,4.0,1156207607
83,4886,4.0,1156206165
83,1777,4.5,1156207576
83,2302,4.0,1156207465
83,6,5.0,1156206916
83,21,1.0,1156206448
83,2371,3.5,1156205549
83,150,5.0,1156206932
83,266,5.0,1156205395
83,3022,4.5,1156206330
83,6947,5.0,1156205421
83,2155,4.0,1156207519
83,205,4.0,1156207528
83,2000,1.5,1156205337
83,2109,3.5,1156205560
83,8874,4.5,1156206118
83,750,5.0,1156205385
83,4975,0.5,1156205445
83,441,4.0,1156207404
83,5902,0.5,1156206646
83,1653,5.0,1156205019
83,4174,4.0,1156206943
83,235,4.5,1156207393
83,3033,4.0,1156205312
84,3980,4.5,1429911363
84,110,4.0,1429910930
84,6016,4.0,1429910831
84,3114,3.5,1429910861
84,1610,3.5,1429910906
84,6373,3.5,1429911118
84,8961,4.0,1429911051
84,260,4.0,1429910910
84,4896,3.5,1429911063
84,31696,4.0,1429911295
84,40815,3.5,1429910876
84,2028,3.0,1429910948
84,4993,4.5,1429910749
84,8665,3.5,1429910987
84,5481,3.0,1429911130
84,4886,4.0,1429911038
84,4995,4.5,1429911049
84,296,4.0,1429910837
85,480,5.0,837511743
85,318,5.0,837506848
85,296,5.0,837506719
85,203,3.0,837512599
85,177,2.0,837512454
85,2,5.0,837511784
85,593,4.0,837506876
85,339,1.0,837512763
85,247,1.0,837512599
85,21,4.0,837511743
85,161,4.0,837507117
85,553,4.0,837511743
85,597,4.0,837512519
85,227,4.0,837512325
85,548,4.0,837512388
85,380,5.0,837506726
85,437,3.0,837512344
85,234,4.0,837512212
85,173,4.0,837512148
85,216,3.0,837512325
85,466,3.0,837512312
85,316,5.0,837512888
85,592,4.0,837506709
85,153,4.0,837506803
85,329,5.0,837507101
85,275,3.0,837512134
85,291,1.0,837512611
85,508,2.0,837512648
85,415,3.0,837512420
85,255,5.0,837512635
85,709,1.0,837512723
85,165,4.0,837506796
85,543,4.0,837512561
85,158,1.0,837513025
85,170,3.0,837512681
85,315,4.0,837512200
85,253,3.0,837512030
85,405,3.0,837512599
85,344,4.0,837506801
85,590,3.0,837506714
85,616,4.0,837512681
85,293,5.0,837511431
85,527,2.0,837506847
85,648,5.0,837511448
85,586,3.0,837512268
85,377,5.0,837511771
85,277,2.0,837512482
85,261,1.0,837513012
85,172,3.0,837513025
85,454,3.0,837512191
85,288,4.0,837512114
85,185,3.0,837511998
85,110,5.0,837506903
85,594,2.0,837512504
85,333,4.0,837511448
85,500,4.0,837512181
85,595,3.0,837507101
85,327,1.0,837512249
85,196,3.0,837511986
85,688,1.0,837512681
85,587,3.0,837512325
85,19,3.0,837512280
85,5,3.0,837512493
85,364,3.0,837512169
85,551,1.0,837512648
86,252,1.0,848159406
86,246,3.0,848161252
86,213,4.0,848161123
86,288,3.0,848161773
86,1073,4.0,848160039
86,508,3.0,848159361
86,364,4.0,848159211
86,592,3.0,848159074
86,260,5.0,848161982
86,121,3.0,848161182
86,171,4.0,848160273
86,124,3.0,848161391
86,178,5.0,848160534
86,586,1.0,848161788
86,671,4.0,848161330
86,306,5.0,848159807
86,435,4.0,848161788
86,224,3.0,848161373
86,650,3.0,848161481
86,28,4.0,848160132
86,319,5.0,848159779
86,613,3.0,848161360
86,778,4.0,848159975
86,314,3.0,848161182
86,665,4.0,848161149
86,783,3.0,848159949
86,596,4.0,848159689
86,541,4.0,848162072
86,590,3.0,848161161
86,594,4.0,848159503
86,345,5.0,848159719
86,784,2.0,848162010
86,73,3.0,848161182
86,535,5.0,848159932
86,539,3.0,848159249
86,531,3.0,848159779
86,597,3.0,848159230
86,307,5.0,848159845
86,342,5.0,848159621
86,329,5.0,848159148
86,316,3.0,848159117
86,223,5.0,848159545
86,608,5.0,848159590
86,203,4.0,848159634
86,708,3.0,848159794
86,480,3.0,848159148
86,1059,3.0,848161267
86,296,5.0,848159074
86,500,3.0,848161773
86,26,4.0,848160245
86,218,4.0,848161454
86,302,3.0,848161134
86,290,5.0,848160119
86,147,5.0,848161267
86,97,4.0,848161123
86,482,4.0,848161465
86,68,4.0,848160534
86,348,3.0,848161134
86,105,3.0,848161330
86,780,2.0,848159406
86,154,4.0,848161123
86,194,4.0,848161090
86,454,2.0,848159191
86,159,3.0,848161454
86,150,4.0,848159074
86,247,5.0,848159905
86,509,5.0,848159326
86,21,1.0,848159249
86,892,3.0,848161552
86,229,4.0,848160081
86,844,3.0,848161552
86,249,4.0,848161208
86,14,4.0,848161252
86,287,3.0,848161343
86,830,2.0,848161528
86,242,4.0,848160360
86,469,3.0,848161343
86,18,5.0,848160301
86,162,3.0,848161091
86,587,3.0,848159230
86,81,5.0,848161391
86,85,4.0,848161221
86,110,3.0,848161539
86,261,3.0,848161454
86,265,4.0,848159467
86,640,3.0,848160245
86,321,3.0,848160389
86,527,5.0,848159249
86,253,4.0,848159191
86,405,2.0,848162010
86,144,3.0,848161353
86,661,3.0,848161221
86,172,3.0,848161811
86,180,3.0,848161507
86,585,5.0,848161811
86,19,1.0,848159249
86,266,3.0,848161787
86,616,3.0,848161308
86,269,4.0,848161199
86,550,4.0,848159949
86,551,4.0,848159429
86,475,4.0,848159706
86,766,5.0,848161161
86,427,3.0,848161443
86,318,5.0,848159148
86,235,4.0,848159429
86,568,3.0,848161252
86,198,3.0,848159752
86,141,4.0,848159382
86,593,5.0,848161773
86,756,3.0,848161539
86,337,4.0,848161104
86,11,1.0,848159306
86,62,3.0,848161498
86,331,3.0,848161199
86,828,3.0,848161481
86,332,3.0,848160081
86,232,4.0,848159826
86,633,5.0,848161343
86,468,3.0,848161491
86,273,3.0,848161308
86,299,5.0,848160039
86,595,3.0,848161267
86,753,3.0,848161237
86,497,4.0,848161123
87,1405,2.0,858623335
87,778,3.0,858623270
87,104,4.0,858623240
87,762,3.0,858623257
87,648,3.0,858623186
87,95,3.0,858623186
87,1073,3.0,858623219
87,780,3.0,858623186
87,260,4.0,858623240
87,62,1.0,858623186
87,141,4.0,858623186
87,802,3.0,858623257
87,293,5.0,858623456
87,494,4.0,858623219
87,112,3.0,858623240
87,786,3.0,858623219
87,608,5.0,858623219
87,88,3.0,858623319
88,924,4.0,1239764492
88,165,3.0,1239763933
88,2617,2.5,1239764978
88,527,4.0,1239756770
88,497,4.0,1239765126
88,1394,3.5,1239765130
88,4993,4.0,1239756824
88,745,3.0,1239762941
88,253,3.0,1239764173
88,541,4.5,1239758268
88,2671,4.0,1239774709
88,508,4.0,1239764638
88,261,3.5,1239755456
88,2291,4.5,1239764706
88,5618,4.0,1239762921
88,4886,4.0,1239764688
88,2640,2.0,1239764969
88,1573,3.0,1239764767
88,708,3.5,1239764853
88,30707,3.5,1239772528
88,223,4.5,1239764512
88,2321,3.0,1257010873
88,30793,2.5,1239772951
88,608,3.5,1239763830
88,3418,3.5,1239775154
88,593,2.0,1239763711
88,380,2.0,1239763826
88,4995,3.0,1239757094
88,1391,3.0,1239764905
88,141,4.5,1239764330
88,500,2.5,1239772521
88,2100,3.5,1239774217
88,2054,3.0,1239764896
88,185,3.0,1239764312
88,4896,3.5,1239767658
88,6373,2.5,1239773941
88,780,3.5,1239757090
88,509,5.0,1239764747
88,296,3.5,1239757625
88,539,3.5,1239767724
88,2762,4.0,1239767652
88,4973,5.0,1239757171
88,435,1.5,1239766980
88,2302,3.0,1239767000
88,260,4.0,1239763727
88,104,0.5,1239764721
88,1580,2.5,1239756858
88,802,1.0,1239755385
88,2115,2.0,1239764695
88,62,3.5,1239758460
88,6016,4.0,1239762854
88,1380,2.5,1239765070
88,288,3.0,1239758451
88,377,3.0,1239763839
88,1777,1.5,1239773365
88,8874,3.5,1239772618
88,778,4.5,1239772824
88,1968,3.5,1239772229
88,480,3.0,1239763722
88,1641,4.0,1239764988
88,914,4.0,1239755560
88,11,3.5,1239764623
88,1278,4.0,1239766995
88,344,2.0,1239763845
88,46976,4.5,1239774126
88,1909,0.5,1239755427
88,95,2.0,1239764336
88,8665,4.0,1239767646
88,2502,4.0,1239764770
88,153,2.0,1239763939
88,318,4.0,1239757629
88,1282,4.0,1239755420
88,339,4.0,1239764337
88,913,4.0,1239755437
88,2,3.5,1239773232
88,553,3.0,1239765069
88,552,2.0,1239755377
88,316,2.5,1239763984
88,919,4.0,1239764515
88,586,2.5,1239764309
88,551,4.5,1239764701
88,345,3.0,1239775160
88,595,3.5,1239763938
88,454,2.5,1239764176
88,1485,0.5,1239764845
88,364,4.0,1239763943
88,648,3.5,1239763854
88,596,4.0,1239755381
88,1073,3.0,1239758081
88,592,3.0,1239772558
88,21,3.5,1239764334
88,5991,3.0,1239773743
88,1639,4.5,1239766989
88,40815,3.5,1239774702
88,337,3.5,1239764763
88,150,4.0,1239763733
88,594,4.0,1239764749
88,163,3.0,1239766992
89,110,5.0,1257620127
89,590,5.0,1257620132
89,318,5.0,1257620251
89,364,5.0,1257620508
89,4896,5.0,1257620582
89,303,4.0,1257610311
89,1073,4.5,1257620538
89,2028,5.0,1257620592
89,1772,5.0,1257610885
89,648,4.0,1257620113
89,3114,4.5,1257620568
89,500,5.0,1257620515
89,327,2.0,1257610314
89,165,4.0,1257620488
89,780,4.0,1257620045
89,260,5.0,1257620279
89,107,4.0,1257610324
89,4886,4.0,1257620037
89,480,5.0,1257620110
89,344,5.0,1257620122
89,7454,4.0,1257610864
89,296,5.0,1257620073
89,316,4.0,1257620499
89,2762,5.0,1257620518
90,832,4.0,875517754
90,6,4.0,875517954
90,780,2.0,875520463
90,1073,3.0,875518016
90,986,4.0,895843258
90,1367,4.0,875519306
90,260,4.0,875516370
90,1597,4.0,875515902
90,1552,4.0,875517306
90,661,3.0,875518088
90,1554,4.0,875516370
90,141,3.0,875518226
90,778,4.0,875517233
90,648,4.0,875519306
90,608,5.0,875516370
90,800,5.0,875517174
90,1580,4.0,875517358
90,802,4.0,875518088
90,79,3.0,875520648
90,837,4.0,875517233
90,766,3.0,875520264
90,830,3.0,875520464
90,866,4.0,875517953
90,783,3.0,875518641
90,1584,5.0,876288017
90,81,4.0,875520409
91,1573,4.0,1448798532
91,260,5.0,1448798105
91,78041,3.5,1448798561
91,45186,4.5,1448798488
91,4973,4.5,1448798341
91,4993,5.0,1448798115
91,1682,5.0,1448798342
91,3114,5.0,1448798200
91,527,5.0,1448798139
91,104,4.0,1448814310
91,4886,5.0,1448798317
91,19,4.0,1448813534
91,216,4.0,1448813322
91,12,3.5,1448813887
91,2028,5.0,1448798143
91,747,3.5,1448814498
91,110,5.0,1448798142
91,380,4.5,1448798508
91,318,5.0,1448798101
91,134368,4.0,1448798654
91,466,5.0,1448814281
91,267,3.5,1448814317
92,150,3.0,848525510
92,141,4.0,848526274
92,508,3.0,848526251
92,454,2.0,848525694
92,177,2.0,848526037
92,595,5.0,848525589
92,2,3.0,848525932
92,318,5.0,848525624
92,266,2.0,848525873
92,235,4.0,848526363
92,11,4.0,848525903
92,173,3.0,848525932
92,237,3.0,848526529
92,247,5.0,848526037
92,21,5.0,848525799
92,204,4.0,848526363
92,112,4.0,848526594
92,62,3.0,848526334
92,273,3.0,848526005
92,551,3.0,848526363
92,455,3.0,848526615
92,332,3.0,848526061
92,196,3.0,848526274
92,6,3.0,848526431
92,76,3.0,848526084
92,364,1.0,848525730
92,380,4.0,848525510
92,253,2.0,848525694
92,552,1.0,848526529
92,539,3.0,848525799
92,110,5.0,848525661
92,161,5.0,848525661
92,315,2.0,848525932
92,344,2.0,848525554
92,145,3.0,848526572
92,377,3.0,848525730
92,333,3.0,848526431
92,296,4.0,848525510
92,435,3.0,848525903
92,224,3.0,848526484
92,163,5.0,848526550
92,165,3.0,848525554
92,480,4.0,848525624
92,293,4.0,848526363
92,319,4.0,848526711
92,532,3.0,848526005
92,778,5.0,848526711
92,648,5.0,848526431
92,527,4.0,848525799
92,590,4.0,848525510
92,497,4.0,848526484
92,193,1.0,848526484
92,339,3.0,848525694
92,553,5.0,848525971
92,597,2.0,848525764
92,780,2.0,848526334
92,288,3.0,848525694
92,172,1.0,848526406
92,592,3.0,848525510
92,608,5.0,848526005
92,543,3.0,848526632
92,252,3.0,848526334
92,19,1.0,848525799
92,330,3.0,848526061
92,329,3.0,848525624
92,153,3.0,848525554
92,500,3.0,848525730
92,223,5.0,848526508
92,316,1.0,848525589
92,509,1.0,848525932
92,466,2.0,848526508
92,426,2.0,848526037
92,587,3.0,848525764
92,95,3.0,848525971
92,606,2.0,848526061
93,2302,4.0,1304992644
93,1278,4.0,1304993180
93,1394,4.0,1304992980
93,1682,3.5,1304992372
93,2100,2.5,1304729449
93,1610,4.0,1304992258
93,377,4.5,1304991695
93,266,3.5,1304993113
93,41569,3.0,1304993097
93,265,3.5,1304729472
93,587,3.5,1304992164
93,2657,3.0,1304992753
93,1380,3.5,1304992785
93,590,4.5,1304991644
93,364,3.5,1304991727
93,3072,3.5,1304729573
93,508,4.0,1304992794
93,4995,4.0,1304992025
93,898,5.0,1304730634
93,902,2.5,1304729528
93,1073,3.5,1304991872
93,912,4.5,1304992427
93,592,3.5,1304992145
93,260,4.0,1304991771
93,1580,3.5,1304992244
93,2115,3.5,1304992236
93,2470,2.5,1304993132
93,586,2.5,1304992362
93,4993,5.0,1304991776
93,910,3.5,1304729500
93,8961,5.0,1304991698
93,914,3.5,1304729546
93,597,3.5,1304991976
93,339,4.5,1304992536
93,919,4.0,1304992912
93,923,4.0,1304993105
93,3101,4.0,1304993022
93,342,3.5,1304729463
93,539,4.0,1304992253
93,1641,4.5,1304992689
93,595,4.0,1304991672
93,1968,3.5,1304992212
93,2291,3.5,1304992445
93,21,5.0,1304992496
93,11,3.5,1304992956
93,2321,4.0,1304992988
93,3176,3.0,1304992724
93,858,4.5,1304991806
93,648,3.5,1304992476
93,150,4.0,1304992002
93,337,4.0,1304993047
93,1923,3.5,1304992089
93,3114,4.0,1304992431
93,62,3.5,1304992545
93,4886,3.0,1304992417
94,590,4.0,1292392510
94,2501,4.5,1292392496
94,923,3.0,1291781464
94,316,2.5,1291779708
94,8874,2.0,1291780469
94,527,5.0,1291779717
94,110,4.5,1291779579
94,1682,4.0,1291780472
94,104,2.5,1291781042
94,5991,4.0,1291777241
94,1580,3.0,1291779528
94,480,2.5,1291779540
94,6552,3.5,1291777509
94,161,3.5,1291780453
94,296,4.0,1291779736
94,2115,1.0,1291780076
94,858,4.5,1291781482
94,6016,3.0,1291781112
94,1653,4.0,1291780889
94,344,3.0,1291780145
94,111,3.5,1291780487
94,30793,1.0,1291781212
94,46976,4.0,1291781133
94,3175,1.5,1291780877
94,150,5.0,1291779548
94,260,3.0,1291779564
94,6373,2.5,1291781129
94,2028,5.0,1291779546
94,16,3.5,1291781117
94,551,1.0,1291781004
94,1552,2.5,1291781119
94,30707,4.5,1291780881
94,1089,2.5,1291780484
94,2762,3.0,1291779570
94,4993,4.5,1291779544
94,33660,4.5,1292392483
94,8961,3.0,1291779663
94,8873,2.5,1292392659
94,318,5.0,1291779616
94,1213,4.0,1291780363
94,1610,4.0,1291780451
94,780,2.0,1291779697
94,4995,5.0,1291779591
94,593,5.0,1291779634
94,4011,3.0,1291780351
94,4973,4.5,1291779803
94,1049,3.0,1291777310
94,1777,2.5,1291781044
95,2149,3.0,1016317773
95,5203,4.0,1016317674
95,174,2.0,1016317489
95,879,3.0,1019023343
95,1970,4.0,1019023293
95,2789,3.0,1019023252
95,1995,3.0,1019023613
95,4561,4.0,1019022885
95,2026,3.0,1019023410
95,1909,4.0,1016317584
95,4480,4.0,1019023569
95,2163,3.0,1016317697
95,2069,3.0,1016317111
95,2928,4.0,1016317885
95,2657,4.0,1019023078
95,2123,4.0,1016317674
95,780,4.0,1016317773
95,198,4.0,1016317489
95,2119,5.0,1019023569
95,968,5.0,1018816003
95,2617,4.0,1019023148
95,19,4.0,1016317584
95,1093,4.0,1018815698
95,223,5.0,1018815674
95,778,5.0,1016317192
95,2005,5.0,1025556197
95,593,5.0,1018816582
95,2907,5.0,1016317306
95,2003,5.0,1019023101
95,4639,3.0,1018815528
95,2193,5.0,1025556197
95,266,5.0,1016317396
95,1370,4.0,1025556197
95,1377,4.0,1025556197
95,2470,5.0,1025556197
95,222,4.0,1016317856
95,480,4.0,1016316990
95,236,4.0,1016317519
95,63,4.0,1016317617
95,2294,4.0,1025556197
95,6,5.0,1016317227
95,332,3.0,1019023293
95,11,4.0,1025556196
95,2722,3.0,1018815674
95,3016,4.0,1018815674
95,1389,4.0,1016317140
95,3033,5.0,1019022702
95,16,5.0,1016316940
95,553,4.0,1025556197
95,1088,5.0,1016317856
95,2428,4.0,1018815786
95,70,4.0,1019023190
95,4105,5.0,1019022937
95,24,4.0,1018816035
95,296,5.0,1018816557
95,2118,4.0,1019023078
95,1059,5.0,1025556197
95,2160,3.0,1019022937
95,1994,4.0,1019022970
95,261,5.0,1016317793
95,2762,4.0,1018816106
95,2028,4.0,1016316964
95,1645,4.0,1019022937
95,2841,5.0,1018816106
95,2107,4.0,1019023517
95,253,4.0,1019023054
95,88,4.0,1016317721
95,1644,3.0,1019023410
95,4499,5.0,1025556197
95,364,4.0,1025556197
95,2109,5.0,1019022736
95,339,4.0,1016317208
95,2105,3.0,1025556197
95,260,5.0,1018816569
95,196,3.0,1016317721
95,2148,4.0,1019023190
95,4993,5.0,1018816582
95,2787,4.0,1019023275
95,329,3.0,1016317617
96,8765,4.0,1223256507
96,608,4.0,1223256741
96,905,5.0,1223256671
96,913,5.0,1223256273
96,628,3.0,1223256282
96,923,5.0,1223256720
96,910,4.5,1223256312
96,8094,4.5,1223256833
96,318,2.0,1223256805
96,750,5.0,1223256660
96,903,5.0,1223256822
96,527,3.5,1223256797
96,951,5.0,1223256610
96,912,5.0,1223256587
96,926,5.0,1223256572
96,922,5.0,1223256562
97,5902,2.5,1460343401
97,5618,4.0,1460343114
97,1089,2.0,1460343721
97,4816,4.0,1460343802
97,46976,4.5,1460343057
97,1213,3.0,1460342330
97,223,3.5,1460343084
97,318,4.5,1460342280
97,597,2.0,1460342646
97,2000,3.0,1460342624
97,110,1.0,1460342434
97,364,1.5,1460342652
97,750,4.0,1460342344
97,899,4.5,1460342587
97,3033,3.5,1460342705
97,293,2.0,1460343105
97,480,2.5,1460342605
97,1884,3.5,1460343016
97,2028,1.0,1460342488
97,1580,2.5,1460342451
97,608,4.0,1460343174
97,5971,4.0,1460344057
97,541,4.0,1460342426
97,593,3.5,1460342325
97,858,3.0,1460342315
97,1088,2.0,1460342716
97,926,4.0,1460342556
97,923,4.0,1460342491
97,296,4.0,1460343816
97,4973,4.5,1460343052
97,2502,4.0,1460342786
97,1997,0.5,1460342648
97,2019,4.0,1460342337
97,527,1.5,1460342318
97,912,1.5,1460342302
97,595,1.5,1460342687
98,5,3.0,1459405466
98,31685,5.0,1459405174
98,597,5.0,1459405239
98,339,3.5,1459405698
98,2762,4.0,1459405074
98,2193,2.5,1459405478
98,296,4.5,1459405871
98,2617,5.0,1459405229
98,8874,5.0,1459405104
98,6593,4.0,1459405332
98,2321,5.0,1459405606
98,2144,5.0,1459405443
98,902,5.0,1459405325
99,2135,1.0,938624708
99,1937,3.0,947519573
99,2099,4.0,938587980
99,1619,5.0,938585094
99,2912,4.0,942783078
99,1589,3.0,938585718
99,750,4.0,938623534
99,2006,3.0,947519629
99,2094,2.0,947519712
99,455,1.0,938586663
99,2160,3.0,947519712
99,909,3.0,938623596
99,593,4.0,938585500
99,2085,3.0,938624708
99,899,4.0,938588239
99,912,5.0,938587795
99,2018,4.0,938587916
99,1945,4.0,947519658
99,4380,5.0,1044786697
99,154,3.0,938623596
99,1909,4.0,938586216
99,923,4.0,938587817
99,316,1.0,938586591
99,296,3.0,938585556
99,918,5.0,938588010
99,903,5.0,938588142
99,480,4.0,938586403
99,900,3.0,938588178
99,596,4.0,947519681
99,2539,3.0,938623208
99,497,3.0,938587034
99,28,3.0,938586999
99,608,5.0,938585500
99,380,2.0,938587172
99,1580,3.0,947519657
99,4995,5.0,1015037662
99,4993,5.0,1044786919
99,2687,3.0,938586006
99,1358,3.0,938585285
99,4973,5.0,1015037811
99,838,4.0,938587172
99,509,5.0,938587301
99,1591,1.0,938586764
99,2436,3.0,938549745
99,527,4.0,938584894
99,924,3.0,938623596
99,913,4.0,938587916
99,1103,4.0,938588178
99,2565,3.0,947519597
99,914,4.0,938623534
99,318,5.0,947519825
99,1282,3.0,938587916
99,377,4.0,938587203
99,595,5.0,938586006
99,2067,5.0,938624807
99,928,4.0,938587795
99,2028,4.0,938584894
99,1777,3.0,938587337
99,110,3.0,947519500
99,105,3.0,938587407
99,2761,2.0,950999958
99,1586,2.0,938585094
99,468,3.0,938587407
99,2,2.0,950999958
99,898,4.0,938587876
99,5991,5.0,1044754204
99,902,3.0,938624252
99,951,4.0,938587876
99,968,4.0,938624591
99,170,2.0,938585857
100,780,3.0,854193977
100,88,2.0,854194208
100,135,3.0,854194086
100,802,4.0,854194111
100,661,3.0,854194086
100,745,4.0,854194208
100,708,3.0,854194056
100,95,3.0,854193977
100,608,4.0,854194024
100,786,3.0,854194056
100,62,3.0,854193977
100,6,3.0,854194023
100,1073,5.0,854194056
100,141,3.0,854193977
100,648,3.0,854193977